start_lat,start_lng,end_lat,end_lng,traffic_level,time_of_day,day_of_week,distance,duration,city,start_location,end_location,peak_traffic,weather_condition
28.6111366,77.2346403,28.6507046,77.2398614,0.8030842230130486,18,4,7526,843,New Delhi,India Gate,Red Fort,1,normal
28.6111366,77.2346403,28.6507046,77.2398614,0.7117903930131004,18,4,6394,916,New Delhi,India Gate,Red Fort,1,normal
28.6111366,77.2346403,28.6507046,77.2398614,1.0747330960854093,9,5,7526,843,New Delhi,India Gate,Red Fort,1,normal
28.6111366,77.2346403,28.6507046,77.2398614,1.0344009489916963,13,5,7526,843,New Delhi,India Gate,Red Fort,0,normal
28.6111366,77.2346403,28.6507046,77.2398614,0.8327402135231317,18,5,7526,843,New Delhi,India Gate,Red Fort,1,normal
28.6111366,77.2346403,28.6507046,77.2398614,0.7568208778173191,22,5,7526,843,New Delhi,India Gate,Red Fort,0,normal
28.6111366,77.2346403,28.6507046,77.2398614,1.033214709371293,8,5,7526,843,New Delhi,India Gate,Red Fort,1,normal
28.5248441,77.18442879999999,28.5529191,77.26158079999999,0.8398058252427184,18,4,10262,1442,New Delhi,Qutub Minar,Lotus Temple,1,normal
28.5248441,77.18442879999999,28.5529191,77.26158079999999,0.8377641445126107,18,4,10265,1467,New Delhi,Qutub Minar,Lotus Temple,1,normal
28.5248441,77.18442879999999,28.5529191,77.26158079999999,0.8496042216358839,18,4,10712,1516,New Delhi,Qutub Minar,Lotus Temple,1,normal
28.5248441,77.18442879999999,28.5529191,77.26158079999999,1.2367079388201019,9,5,9776,1373,New Delhi,Qutub Minar,Lotus Temple,1,normal
28.5248441,77.18442879999999,28.5529191,77.26158079999999,1.2350901525658806,9,5,10262,1442,New Delhi,Qutub Minar,Lotus Temple,1,normal
28.5248441,77.18442879999999,28.5529191,77.26158079999999,1.2117414248021108,9,5,10712,1516,New Delhi,Qutub Minar,Lotus Temple,1,normal
28.5248441,77.18442879999999,28.5529191,77.26158079999999,1.1784413692643845,13,5,9776,1373,New Delhi,Qutub Minar,Lotus Temple,0,normal
28.5248441,77.18442879999999,28.5529191,77.26158079999999,1.1816920943134535,13,5,10262,1442,New Delhi,Qutub Minar,Lotus Temple,0,normal
28.5248441,77.18442879999999,28.5529191,77.26158079999999,1.1273087071240107,13,5,10712,1516,New Delhi,Qutub Minar,Lotus Temple,0,normal
28.5248441,77.18442879999999,28.5529191,77.26158079999999,0.8196948682385575,18,5,10262,1442,New Delhi,Qutub Minar,Lotus Temple,1,normal
28.5248441,77.18442879999999,28.5529191,77.26158079999999,0.8419519300801165,18,5,9776,1373,New Delhi,Qutub Minar,Lotus Temple,1,normal
28.5248441,77.18442879999999,28.5529191,77.26158079999999,0.8073878627968337,18,5,10712,1516,New Delhi,Qutub Minar,Lotus Temple,1,normal
28.5248441,77.18442879999999,28.5529191,77.26158079999999,0.6082397003745318,22,5,9418,1335,New Delhi,Qutub Minar,Lotus Temple,0,normal
28.5248441,77.18442879999999,28.5529191,77.26158079999999,0.6095700416088765,22,5,10262,1442,New Delhi,Qutub Minar,Lotus Temple,0,normal
28.5248441,77.18442879999999,28.5529191,77.26158079999999,0.6649076517150396,22,5,10712,1516,New Delhi,Qutub Minar,Lotus Temple,0,normal
28.5248441,77.18442879999999,28.5529191,77.26158079999999,1.203932993445011,8,5,9776,1373,New Delhi,Qutub Minar,Lotus Temple,1,normal
28.5248441,77.18442879999999,28.5529191,77.26158079999999,1.2004160887656032,8,5,10262,1442,New Delhi,Qutub Minar,Lotus Temple,1,normal
28.5248441,77.18442879999999,28.5529191,77.26158079999999,1.162928759894459,8,5,10712,1516,New Delhi,Qutub Minar,Lotus Temple,1,normal
28.6304342,77.217714,28.65051519999999,77.2303218,0.7390745501285347,18,4,3387,778,New Delhi,Connaught Place,Chandni Chowk,1,normal
28.6304342,77.217714,28.65051519999999,77.2303218,1.2802056555269923,9,5,3387,778,New Delhi,Connaught Place,Chandni Chowk,1,normal
28.6304342,77.217714,28.65051519999999,77.2303218,1.2904884318766068,13,5,3387,778,New Delhi,Connaught Place,Chandni Chowk,0,normal
28.6304342,77.217714,28.65051519999999,77.2303218,0.8868894601542416,18,5,3387,778,New Delhi,Connaught Place,Chandni Chowk,1,normal
28.6304342,77.217714,28.65051519999999,77.2303218,0.5796915167095116,22,5,3387,778,New Delhi,Connaught Place,Chandni Chowk,0,normal
28.6304342,77.217714,28.65051519999999,77.2303218,1.2416452442159382,8,5,3387,778,New Delhi,Connaught Place,Chandni Chowk,1,normal
28.5931834,77.2440252,28.615552,77.277873,1.1012514220705347,18,4,8958,879,New Delhi,Humayun's Tomb,Akshardham Temple,1,normal
28.5931834,77.2440252,28.615552,77.277873,0.8770571151984511,18,4,10401,1033,New Delhi,Humayun's Tomb,Akshardham Temple,1,normal
28.5931834,77.2440252,28.615552,77.277873,0.7840065952184666,18,4,11880,1213,New Delhi,Humayun's Tomb,Akshardham Temple,1,normal
28.5931834,77.2440252,28.615552,77.277873,1.1444823663253698,9,5,8958,879,New Delhi,Humayun's Tomb,Akshardham Temple,1,normal
28.5931834,77.2440252,28.615552,77.277873,1.0182982616651417,9,5,12318,1093,New Delhi,Humayun's Tomb,Akshardham Temple,1,normal
28.5931834,77.2440252,28.615552,77.277873,1.127783155856728,9,5,10401,1033,New Delhi,Humayun's Tomb,Akshardham Temple,1,normal
28.5931834,77.2440252,28.615552,77.277873,1.2821387940841866,13,5,8958,879,New Delhi,Humayun's Tomb,Akshardham Temple,0,normal
28.5931834,77.2440252,28.615552,77.277873,1.111619396157365,13,5,12318,1093,New Delhi,Humayun's Tomb,Akshardham Temple,0,normal
28.5931834,77.2440252,28.615552,77.277873,1.249757986447241,13,5,10401,1033,New Delhi,Humayun's Tomb,Akshardham Temple,0,normal
28.5931834,77.2440252,28.615552,77.277873,0.9556313993174061,18,5,8958,879,New Delhi,Humayun's Tomb,Akshardham Temple,1,normal
28.5931834,77.2440252,28.615552,77.277873,0.9138431752178122,18,5,10401,1033,New Delhi,Humayun's Tomb,Akshardham Temple,1,normal
28.5931834,77.2440252,28.615552,77.277873,0.8801463860933212,18,5,12318,1093,New Delhi,Humayun's Tomb,Akshardham Temple,1,normal
28.5931834,77.2440252,28.615552,77.277873,0.782707622298066,22,5,8958,879,New Delhi,Humayun's Tomb,Akshardham Temple,0,normal
28.5931834,77.2440252,28.615552,77.277873,0.8334946757018393,22,5,10401,1033,New Delhi,Humayun's Tomb,Akshardham Temple,0,normal
28.5931834,77.2440252,28.615552,77.277873,1.093287827076223,8,5,8958,879,New Delhi,Humayun's Tomb,Akshardham Temple,1,normal
28.5931834,77.2440252,28.615552,77.277873,1.0677637947725072,8,5,10401,1033,New Delhi,Humayun's Tomb,Akshardham Temple,1,normal
28.5931834,77.2440252,28.615552,77.277873,1.0054894784995425,8,5,12318,1093,New Delhi,Humayun's Tomb,Akshardham Temple,1,normal
28.6140631,77.1955819,28.6139298,77.2088282,1.0044247787610618,18,4,1561,226,New Delhi,Rashtrapati Bhavan,Jama Masjid,1,normal
28.6140631,77.1955819,28.6139298,77.2088282,0.9968553459119497,18,4,1812,318,New Delhi,Rashtrapati Bhavan,Jama Masjid,1,normal
28.6140631,77.1955819,28.6139298,77.2088282,1.0044247787610618,9,5,1561,226,New Delhi,Rashtrapati Bhavan,Jama Masjid,1,normal
28.6140631,77.1955819,28.6139298,77.2088282,0.9968553459119497,9,5,1812,318,New Delhi,Rashtrapati Bhavan,Jama Masjid,1,normal
28.6140631,77.1955819,28.6139298,77.2088282,1.0044247787610618,13,5,1561,226,New Delhi,Rashtrapati Bhavan,Jama Masjid,0,normal
28.6140631,77.1955819,28.6139298,77.2088282,0.9968553459119497,13,5,1812,318,New Delhi,Rashtrapati Bhavan,Jama Masjid,0,normal
28.6140631,77.1955819,28.6139298,77.2088282,1.0044247787610618,18,5,1561,226,New Delhi,Rashtrapati Bhavan,Jama Masjid,1,normal
28.6140631,77.1955819,28.6139298,77.2088282,0.9968553459119497,18,5,1812,318,New Delhi,Rashtrapati Bhavan,Jama Masjid,1,normal
28.6140631,77.1955819,28.6139298,77.2088282,1.0044247787610618,22,5,1561,226,New Delhi,Rashtrapati Bhavan,Jama Masjid,0,normal
28.6140631,77.1955819,28.6139298,77.2088282,0.9968553459119497,22,5,1812,318,New Delhi,Rashtrapati Bhavan,Jama Masjid,0,normal
28.6140631,77.1955819,28.6139298,77.2088282,1.0044247787610618,8,5,1561,226,New Delhi,Rashtrapati Bhavan,Jama Masjid,1,normal
28.6140631,77.1955819,28.6139298,77.2088282,0.9968553459119497,8,5,1812,318,New Delhi,Rashtrapati Bhavan,Jama Masjid,1,normal
28.5220651,77.21014629999999,28.5664874,77.1269007,0.7288021534320323,18,4,12967,1486,New Delhi,Saket Mall,IGI Airport,1,normal
28.5220651,77.21014629999999,28.5664874,77.1269007,1.1574697173620458,9,5,12967,1486,New Delhi,Saket Mall,IGI Airport,1,normal
28.5220651,77.21014629999999,28.5471695,77.12337269999999,0.9913957934990439,9,5,14274,2092,New Delhi,Saket Mall,IGI Airport,1,normal
28.5220651,77.21014629999999,28.5471695,77.12337269999999,1.0508083140877598,9,5,13682,2165,New Delhi,Saket Mall,IGI Airport,1,normal
28.5220651,77.21014629999999,28.5664874,77.1269007,1.3028263795423958,13,5,12967,1486,New Delhi,Saket Mall,IGI Airport,0,normal
28.5220651,77.21014629999999,28.5471695,77.12337269999999,1.0812619502868068,13,5,14274,2092,New Delhi,Saket Mall,IGI Airport,0,normal
28.5220651,77.21014629999999,28.5471695,77.12337269999999,1.1159353348729792,13,5,13682,2165,New Delhi,Saket Mall,IGI Airport,0,normal
28.5220651,77.21014629999999,28.5664874,77.1269007,0.8532974427994616,18,5,12967,1486,New Delhi,Saket Mall,IGI Airport,1,normal
28.5220651,77.21014629999999,28.5471695,77.12337269999999,0.7357967667436489,18,5,13682,2165,New Delhi,Saket Mall,IGI Airport,1,normal
28.5220651,77.21014629999999,28.5471695,77.12337269999999,0.7978011472275335,18,5,14274,2092,New Delhi,Saket Mall,IGI Airport,1,normal
28.5220651,77.21014629999999,28.5664874,77.1269007,0.6628532974427994,22,5,12967,1486,New Delhi,Saket Mall,IGI Airport,0,normal
28.5220651,77.21014629999999,28.5664874,77.1269007,1.1211305518169583,8,5,12967,1486,New Delhi,Saket Mall,IGI Airport,1,normal
28.5220651,77.21014629999999,28.5471695,77.12337269999999,0.9904397705544933,8,5,14274,2092,New Delhi,Saket Mall,IGI Airport,1,normal
28.5649541,77.24033709999999,28.6550258,77.1888204,0.6937842778793418,18,4,15159,2188,New Delhi,Lajpat Nagar,Karol Bagh,1,normal
28.5649541,77.24033709999999,28.6550258,77.1888204,0.6592724046140195,18,4,15742,2254,New Delhi,Lajpat Nagar,Karol Bagh,1,normal
28.5649541,77.24033709999999,28.6550258,77.1888204,0.7418412079883098,18,4,16822,2053,New Delhi,Lajpat Nagar,Karol Bagh,1,normal
28.5649541,77.24033709999999,28.6550258,77.1888204,1.0959571358986848,9,5,16822,2053,New Delhi,Lajpat Nagar,Karol Bagh,1,normal
28.5649541,77.24033709999999,28.6550258,77.1888204,1.0484460694698354,9,5,15159,2188,New Delhi,Lajpat Nagar,Karol Bagh,1,normal
28.5649541,77.24033709999999,28.6550258,77.1888204,1.1361741547012505,9,5,18444,2159,New Delhi,Lajpat Nagar,Karol Bagh,1,normal
28.5649541,77.24033709999999,28.6550258,77.1888204,1.0461608775137112,13,5,15159,2188,New Delhi,Lajpat Nagar,Karol Bagh,0,normal
28.5649541,77.24033709999999,28.6550258,77.1888204,1.1086215294690696,13,5,16822,2053,New Delhi,Lajpat Nagar,Karol Bagh,0,normal
28.5649541,77.24033709999999,28.6550258,77.1888204,1.1940713293191292,13,5,18444,2159,New Delhi,Lajpat Nagar,Karol Bagh,0,normal
28.5649541,77.24033709999999,28.6550258,77.1888204,0.7605118829981719,18,5,15159,2188,New Delhi,Lajpat Nagar,Karol Bagh,1,normal
28.5649541,77.24033709999999,28.6550258,77.1888204,0.810034096444228,18,5,16822,2053,New Delhi,Lajpat Nagar,Karol Bagh,1,normal
28.5649541,77.24033709999999,28.6550258,77.1888204,0.8364983788791107,18,5,18444,2159,New Delhi,Lajpat Nagar,Karol Bagh,1,normal
28.5649541,77.24033709999999,28.6550258,77.1888204,0.636654478976234,22,5,15159,2188,New Delhi,Lajpat Nagar,Karol Bagh,0,normal
28.5649541,77.24033709999999,28.6550258,77.1888204,0.6804676083779835,22,5,16822,2053,New Delhi,Lajpat Nagar,Karol Bagh,0,normal
28.5649541,77.24033709999999,28.6550258,77.1888204,0.6456692913385826,22,5,18444,2159,New Delhi,Lajpat Nagar,Karol Bagh,0,normal
28.5649541,77.24033709999999,28.6550258,77.1888204,1.103263516804676,8,5,16822,2053,New Delhi,Lajpat Nagar,Karol Bagh,1,normal
28.5649541,77.24033709999999,28.6550258,77.1888204,1.0653564899451553,8,5,15159,2188,New Delhi,Lajpat Nagar,Karol Bagh,1,normal
28.5649541,77.24033709999999,28.6550258,77.1888204,1.1375636868920798,8,5,18444,2159,New Delhi,Lajpat Nagar,Karol Bagh,1,normal
28.5684177,77.212358,28.6891832,77.2150042,0.7569444444444444,18,4,19341,2592,New Delhi,AIIMS,Delhi University North Campus,1,normal
28.5684177,77.212358,28.6891832,77.2150042,0.8437246963562753,18,4,18179,2470,New Delhi,AIIMS,Delhi University North Campus,1,normal
28.5684177,77.212358,28.6891832,77.2150042,0.8354024829795755,18,4,17776,2497,New Delhi,AIIMS,Delhi University North Campus,1,normal
28.5684177,77.212358,28.6891832,77.2150042,0.9431317581097317,9,5,17776,2497,New Delhi,AIIMS,Delhi University North Campus,1,normal
28.5684177,77.212358,28.6891832,77.2150042,0.9692818596928185,9,5,21701,2409,New Delhi,AIIMS,Delhi University North Campus,1,normal
28.5684177,77.212358,28.6891832,77.2150042,0.9866396761133603,9,5,18179,2470,New Delhi,AIIMS,Delhi University North Campus,1,normal
28.5684177,77.212358,28.6891832,77.2150042,0.9879855826992391,13,5,17776,2497,New Delhi,AIIMS,Delhi University North Campus,0,normal
28.5684177,77.212358,28.6891832,77.2150042,1.0238866396761133,13,5,18179,2470,New Delhi,AIIMS,Delhi University North Campus,0,normal
28.5684177,77.212358,28.6891832,77.2150042,1.0738895807388957,13,5,21701,2409,New Delhi,AIIMS,Delhi University North Campus,0,normal
28.5684177,77.212358,28.6891832,77.2150042,0.7894736842105263,18,5,18179,2470,New Delhi,AIIMS,Delhi University North Campus,1,normal
28.5684177,77.212358,28.6891832,77.2150042,0.7793352022426913,18,5,17776,2497,New Delhi,AIIMS,Delhi University North Campus,1,normal
28.5684177,77.212358,28.6891832,77.2150042,0.8584474885844748,18,5,21701,2409,New Delhi,AIIMS,Delhi University North Campus,1,normal
28.5684177,77.212358,28.6891832,77.2150042,0.6870445344129554,22,5,18179,2470,New Delhi,AIIMS,Delhi University North Campus,0,normal
28.5684177,77.212358,28.6891832,77.2150042,0.6832198638366039,22,5,17776,2497,New Delhi,AIIMS,Delhi University North Campus,0,normal
28.5684177,77.212358,28.6891832,77.2150042,0.9929431299294313,8,5,21701,2409,New Delhi,AIIMS,Delhi University North Campus,1,normal
28.5684177,77.212358,28.6891832,77.2150042,0.9715658790548658,8,5,17776,2497,New Delhi,AIIMS,Delhi University North Campus,1,normal
28.5684177,77.212358,28.6891832,77.2150042,1.0157894736842106,8,5,18179,2470,New Delhi,AIIMS,Delhi University North Campus,1,normal
12.9747306,77.6094877,12.8451682,77.6601819,0.7351809083910701,18,4,17733,2598,Bengaluru,MG Road,Electronic City,1,normal
12.9747306,77.6094877,12.8451682,77.6601819,0.8013722126929674,18,4,20012,2915,Bengaluru,MG Road,Electronic City,1,normal
12.9747306,77.6094877,12.8451682,77.6601819,1.1050808314087759,9,5,17733,2598,Bengaluru,MG Road,Electronic City,1,normal
12.9747306,77.6094877,12.8451682,77.6601819,1.0758147512864493,9,5,20012,2915,Bengaluru,MG Road,Electronic City,1,normal
12.9747306,77.6094877,12.8451682,77.6601819,1.1674364896073903,13,5,17733,2598,Bengaluru,MG Road,Electronic City,0,normal
12.9747306,77.6094877,12.8451682,77.6601819,1.1711835334476843,13,5,20012,2915,Bengaluru,MG Road,Electronic City,0,normal
12.9747306,77.6094877,12.8451682,77.6601819,0.9295612009237876,18,5,17733,2598,Bengaluru,MG Road,Electronic City,1,normal
12.9747306,77.6094877,12.8451682,77.6601819,0.839451114922813,18,5,20012,2915,Bengaluru,MG Road,Electronic City,1,normal
12.9747306,77.6094877,12.8451682,77.6601819,0.5731331793687452,22,5,17733,2598,Bengaluru,MG Road,Electronic City,0,normal
12.9747306,77.6094877,12.8451682,77.6601819,0.6222984562607204,22,5,20012,2915,Bengaluru,MG Road,Electronic City,0,normal
12.9747306,77.6094877,12.8451682,77.6601819,1.0835257890685142,8,5,17733,2598,Bengaluru,MG Road,Electronic City,1,normal
12.9747306,77.6094877,12.8451682,77.6601819,1.0689536878216124,8,5,20012,2915,Bengaluru,MG Road,Electronic City,1,normal
12.9768713,77.5955305,12.9483072,77.5800582,0.6413223140495867,18,4,5822,1210,Bengaluru,Cubbon Park,Lalbagh Botanical Garden,1,normal
12.9768713,77.5955305,12.953999,77.5853672,0.6097744360902255,18,4,5719,1330,Bengaluru,Cubbon Park,Lalbagh Botanical Garden,1,normal
12.9768713,77.5955305,12.953999,77.5853672,0.6978723404255319,18,4,6655,1410,Bengaluru,Cubbon Park,Lalbagh Botanical Garden,1,normal
12.9768713,77.5955305,12.9483072,77.5800582,1.2322314049586778,9,5,5822,1210,Bengaluru,Cubbon Park,Lalbagh Botanical Garden,1,normal
12.9768713,77.5955305,12.953999,77.5853672,1.169172932330827,9,5,5719,1330,Bengaluru,Cubbon Park,Lalbagh Botanical Garden,1,normal
12.9768713,77.5955305,12.9483072,77.5800582,1.2038385175380544,9,5,6604,1511,Bengaluru,Cubbon Park,Lalbagh Botanical Garden,1,normal
12.9768713,77.5955305,12.953999,77.5853672,1.2541353383458647,13,5,5719,1330,Bengaluru,Cubbon Park,Lalbagh Botanical Garden,0,normal
12.9768713,77.5955305,12.9483072,77.5800582,1.3884297520661157,13,5,5822,1210,Bengaluru,Cubbon Park,Lalbagh Botanical Garden,0,normal
12.9768713,77.5955305,12.9483072,77.5800582,1.3236267372600927,13,5,6604,1511,Bengaluru,Cubbon Park,Lalbagh Botanical Garden,0,normal
12.9768713,77.5955305,12.9483072,77.5800582,0.906610703043022,18,5,4802,953,Bengaluru,Cubbon Park,Lalbagh Botanical Garden,1,normal
12.9768713,77.5955305,12.9483072,77.5800582,0.8413223140495868,18,5,5822,1210,Bengaluru,Cubbon Park,Lalbagh Botanical Garden,1,normal
12.9768713,77.5955305,12.953999,77.5853672,0.7706766917293233,18,5,5719,1330,Bengaluru,Cubbon Park,Lalbagh Botanical Garden,1,normal
12.9768713,77.5955305,12.9483072,77.5800582,0.631404958677686,22,5,5822,1210,Bengaluru,Cubbon Park,Lalbagh Botanical Garden,0,normal
12.9768713,77.5955305,12.953999,77.5853672,0.5977443609022557,22,5,5719,1330,Bengaluru,Cubbon Park,Lalbagh Botanical Garden,0,normal
12.9768713,77.5955305,12.9483072,77.5800582,0.671078755790867,22,5,6604,1511,Bengaluru,Cubbon Park,Lalbagh Botanical Garden,0,normal
12.9768713,77.5955305,12.9483072,77.5800582,1.237190082644628,8,5,5822,1210,Bengaluru,Cubbon Park,Lalbagh Botanical Garden,1,normal
12.9768713,77.5955305,12.953999,77.5853672,1.1909774436090226,8,5,5719,1330,Bengaluru,Cubbon Park,Lalbagh Botanical Garden,1,normal
12.9768713,77.5955305,12.9483072,77.5800582,1.186631369953673,8,5,6604,1511,Bengaluru,Cubbon Park,Lalbagh Botanical Garden,1,normal
12.9698235,77.7499503,12.9352403,77.624532,0.6217579250720461,18,4,16978,2776,Bengaluru,Whitefield,Koramangala,1,normal
12.9698235,77.7499503,12.9352403,77.624532,1.0676346962170424,9,5,17737,2617,Bengaluru,Whitefield,Koramangala,1,normal
12.9698235,77.7499503,12.9352403,77.624532,1.0864553314121037,9,5,16978,2776,Bengaluru,Whitefield,Koramangala,1,normal
12.9698235,77.7499503,12.9352403,77.624532,1.1617312072892938,13,5,17756,2634,Bengaluru,Whitefield,Koramangala,0,normal
12.9698235,77.7499503,12.9352403,77.624532,1.1462536023054755,13,5,16978,2776,Bengaluru,Whitefield,Koramangala,0,normal
12.9698235,77.7499503,12.9352403,77.624532,1.1727168513565152,13,5,17737,2617,Bengaluru,Whitefield,Koramangala,0,normal
12.9698235,77.7499503,12.9352403,77.624532,0.7496397694524496,18,5,16978,2776,Bengaluru,Whitefield,Koramangala,1,normal
12.9698235,77.7499503,12.9352403,77.624532,0.8185269552012149,18,5,17756,2634,Bengaluru,Whitefield,Koramangala,1,normal
12.9698235,77.7499503,12.9352403,77.624532,0.7437926330150069,18,5,22603,3665,Bengaluru,Whitefield,Koramangala,1,normal
12.9698235,77.7499503,12.9352403,77.624532,0.5727665706051873,22,5,16978,2776,Bengaluru,Whitefield,Koramangala,0,normal
12.9698235,77.7499503,12.9352403,77.624532,0.6586940015186029,22,5,17756,2634,Bengaluru,Whitefield,Koramangala,0,normal
12.9698235,77.7499503,12.9352403,77.624532,1.0597982708933718,8,5,16978,2776,Bengaluru,Whitefield,Koramangala,1,normal
12.9698235,77.7499503,12.9352403,77.624532,1.0775697363393197,8,5,17737,2617,Bengaluru,Whitefield,Koramangala,1,normal
12.9698235,77.7499503,12.9352403,77.624532,1.002455661664393,8,5,22603,3665,Bengaluru,Whitefield,Koramangala,1,normal
12.9710328,77.60693049999999,12.9783631,77.6408405,0.6600159616919393,18,4,5089,1253,Bengaluru,Brigade Road,Indiranagar,1,normal
12.9710328,77.60693049999999,12.9783631,77.6408405,0.6159305993690851,18,4,4946,1268,Bengaluru,Brigade Road,Indiranagar,1,normal
12.9710328,77.60693049999999,12.9783631,77.6408405,0.7023575638506876,18,4,4736,1018,Bengaluru,Brigade Road,Indiranagar,1,normal
12.9710328,77.60693049999999,12.9783631,77.6408405,1.0854616895874263,9,5,4736,1018,Bengaluru,Brigade Road,Indiranagar,1,normal
12.9710328,77.60693049999999,12.9783631,77.6408405,1.0346494762288476,9,5,6215,1241,Bengaluru,Brigade Road,Indiranagar,1,normal
12.9710328,77.60693049999999,12.9783631,77.6408405,1.1483300589390963,13,5,4736,1018,Bengaluru,Brigade Road,Indiranagar,0,normal
12.9710328,77.60693049999999,12.9783631,77.6408405,1.0918614020950845,13,5,6215,1241,Bengaluru,Brigade Road,Indiranagar,0,normal
12.9710328,77.60693049999999,12.9783631,77.6408405,0.7986247544204322,18,5,4736,1018,Bengaluru,Brigade Road,Indiranagar,1,normal
12.9710328,77.60693049999999,12.9783631,77.6408405,0.7853152434158021,18,5,5089,1253,Bengaluru,Brigade Road,Indiranagar,1,normal
12.9710328,77.60693049999999,12.9783631,77.6408405,0.7703464947622884,18,5,6215,1241,Bengaluru,Brigade Road,Indiranagar,1,normal
12.9710328,77.60693049999999,12.9783631,77.6408405,0.4980047885075818,22,5,5089,1253,Bengaluru,Brigade Road,Indiranagar,0,normal
12.9710328,77.60693049999999,12.9783631,77.6408405,0.6090373280943026,22,5,4736,1018,Bengaluru,Brigade Road,Indiranagar,0,normal
12.9710328,77.60693049999999,12.9783631,77.6408405,0.6406124093473006,22,5,6215,1241,Bengaluru,Brigade Road,Indiranagar,0,normal
12.9710328,77.60693049999999,12.9783631,77.6408405,1.1208251473477406,8,5,4736,1018,Bengaluru,Brigade Road,Indiranagar,1,normal
12.9710328,77.60693049999999,12.9783631,77.6408405,1.0636583400483481,8,5,6215,1241,Bengaluru,Brigade Road,Indiranagar,1,normal
12.9710328,77.60693049999999,12.9783631,77.6408405,1.1755786113328013,8,5,5089,1253,Bengaluru,Brigade Road,Indiranagar,1,normal
12.9956677,77.589822,12.9716069,77.5945161,0.6985743380855397,18,4,4146,982,Bengaluru,Bangalore Palace,ISKCON Temple,1,normal
12.9956677,77.589822,12.9716069,77.5945161,0.7018255578093306,18,4,4567,986,Bengaluru,Bangalore Palace,ISKCON Temple,1,normal
12.9956677,77.589822,12.9716069,77.5945161,0.6927710843373494,18,4,4244,996,Bengaluru,Bangalore Palace,ISKCON Temple,1,normal
12.9956677,77.589822,12.9716069,77.5945161,1.1232179226069245,9,5,4146,982,Bengaluru,Bangalore Palace,ISKCON Temple,1,normal
12.9956677,77.589822,12.9716069,77.5945161,1.0831643002028397,9,5,4567,986,Bengaluru,Bangalore Palace,ISKCON Temple,1,normal
12.9956677,77.589822,12.9716069,77.5945161,1.2016293279022403,13,5,4146,982,Bengaluru,Bangalore Palace,ISKCON Temple,0,normal
12.9956677,77.589822,12.9716069,77.5945161,1.2383367139959431,13,5,4567,986,Bengaluru,Bangalore Palace,ISKCON Temple,0,normal
12.9956677,77.589822,12.9716069,77.5945161,0.8421588594704684,18,5,4146,982,Bengaluru,Bangalore Palace,ISKCON Temple,1,normal
12.9956677,77.589822,12.9716069,77.5945161,0.8286004056795132,18,5,4567,986,Bengaluru,Bangalore Palace,ISKCON Temple,1,normal
12.9956677,77.589822,12.9716069,77.5945161,0.5987780040733197,22,5,4146,982,Bengaluru,Bangalore Palace,ISKCON Temple,0,normal
12.9956677,77.589822,12.9716069,77.5945161,0.5943204868154158,22,5,4567,986,Bengaluru,Bangalore Palace,ISKCON Temple,0,normal
12.9956677,77.589822,12.9716069,77.5945161,1.1551724137931034,8,5,4567,986,Bengaluru,Bangalore Palace,ISKCON Temple,1,normal
12.9956677,77.589822,12.9716069,77.5945161,1.2260692464358451,8,5,4146,982,Bengaluru,Bangalore Palace,ISKCON Temple,1,normal
12.9715583,77.5958991,13.0110225,77.55446649999999,0.713257348530294,18,4,9609,1667,Bengaluru,UB City,Orion Mall,1,normal
12.9715583,77.5958991,13.0110225,77.55446649999999,0.6810747663551402,18,4,9712,1712,Bengaluru,UB City,Orion Mall,1,normal
12.9715583,77.5958991,13.0110225,77.55446649999999,0.6616966580976864,18,4,11297,1945,Bengaluru,UB City,Orion Mall,1,normal
12.9715583,77.5958991,13.0110225,77.55446649999999,1.3107378524295141,9,5,9609,1667,Bengaluru,UB City,Orion Mall,1,normal
12.9715583,77.5958991,13.0110225,77.55446649999999,1.243403338718363,9,5,10754,1857,Bengaluru,UB City,Orion Mall,1,normal
12.9715583,77.5958991,13.0110225,77.55446649999999,1.2976863753213368,9,5,11297,1945,Bengaluru,UB City,Orion Mall,1,normal
12.9715583,77.5958991,13.0110225,77.55446649999999,1.4589082183563287,13,5,9609,1667,Bengaluru,UB City,Orion Mall,0,normal
12.9715583,77.5958991,13.0110225,77.55446649999999,1.4022617124394183,13,5,10754,1857,Bengaluru,UB City,Orion Mall,0,normal
12.9715583,77.5958991,13.0110225,77.55446649999999,1.4616966580976865,13,5,11297,1945,Bengaluru,UB City,Orion Mall,0,normal
12.9715583,77.5958991,13.0110225,77.55446649999999,0.8554289142171566,18,5,9609,1667,Bengaluru,UB City,Orion Mall,1,normal
12.9715583,77.5958991,13.0110225,77.55446649999999,0.744987146529563,18,5,11297,1945,Bengaluru,UB City,Orion Mall,1,normal
12.9715583,77.5958991,13.0110225,77.55446649999999,0.8352180936995154,18,5,10754,1857,Bengaluru,UB City,Orion Mall,1,normal
12.9715583,77.5958991,13.0110225,77.55446649999999,0.6022795440911818,22,5,9609,1667,Bengaluru,UB City,Orion Mall,0,normal
12.9715583,77.5958991,13.0110225,77.55446649999999,0.5748071979434447,22,5,11297,1945,Bengaluru,UB City,Orion Mall,0,normal
12.9715583,77.5958991,13.0110225,77.55446649999999,0.6128163704900377,22,5,10754,1857,Bengaluru,UB City,Orion Mall,0,normal
12.9715583,77.5958991,13.0110225,77.55446649999999,1.2759448110377924,8,5,9609,1667,Bengaluru,UB City,Orion Mall,1,normal
12.9715583,77.5958991,13.0110225,77.55446649999999,1.2051696284329563,8,5,10754,1857,Bengaluru,UB City,Orion Mall,1,normal
12.9715583,77.5958991,13.0110225,77.55446649999999,1.25706940874036,8,5,11297,1945,Bengaluru,UB City,Orion Mall,1,normal
13.0475083,77.6199537,12.8030668,77.5772829,0.6422654594490464,18,4,33863,5191,Bengaluru,Manyata Tech Park,Bannerghatta National Park,1,normal
13.0475083,77.6199537,12.8030668,77.5772829,0.8324640100146047,18,4,48577,4793,Bengaluru,Manyata Tech Park,Bannerghatta National Park,1,normal
13.0475083,77.6199537,12.8030668,77.5772829,1.0815773002295013,9,5,48577,4793,Bengaluru,Manyata Tech Park,Bannerghatta National Park,1,normal
13.0475083,77.6199537,12.8030668,77.5772829,1.053060413354531,9,5,56082,5032,Bengaluru,Manyata Tech Park,Bannerghatta National Park,1,normal
13.0475083,77.6199537,12.8030668,77.5772829,1.1989982662300134,9,5,33863,5191,Bengaluru,Manyata Tech Park,Bannerghatta National Park,1,normal
13.0475083,77.6199537,12.8030668,77.5772829,1.278531191320676,13,5,48577,4793,Bengaluru,Manyata Tech Park,Bannerghatta National Park,0,normal
13.0475083,77.6199537,12.8030668,77.5772829,1.2172098569157392,13,5,56082,5032,Bengaluru,Manyata Tech Park,Bannerghatta National Park,0,normal
13.0475083,77.6199537,12.8030668,77.5772829,1.2687343479098439,13,5,33863,5191,Bengaluru,Manyata Tech Park,Bannerghatta National Park,0,normal
13.0475083,77.6199537,12.8030668,77.5772829,0.7358890387208631,18,5,33863,5191,Bengaluru,Manyata Tech Park,Bannerghatta National Park,1,normal
13.0475083,77.6199537,12.8030668,77.5772829,0.5977653631284916,22,5,33863,5191,Bengaluru,Manyata Tech Park,Bannerghatta National Park,0,normal
13.0475083,77.6199537,12.8030668,77.5772829,1.069267682036303,8,5,48577,4793,Bengaluru,Manyata Tech Park,Bannerghatta National Park,1,normal
13.0475083,77.6199537,12.8030668,77.5772829,1.0586248012718602,8,5,56082,5032,Bengaluru,Manyata Tech Park,Bannerghatta National Park,1,normal
13.0475083,77.6199537,12.8030668,77.5772829,1.2305914082065113,8,5,33863,5191,Bengaluru,Manyata Tech Park,Bannerghatta National Park,1,normal
13.194666,77.699948,12.976079,77.5721339,0.7794854660875375,18,4,33724,2993,Bengaluru,Kempegowda International Airport,Majestic Bus Stand,1,normal
13.194666,77.699948,12.976079,77.5721339,1.0170397594386902,9,5,33724,2993,Bengaluru,Kempegowda International Airport,Majestic Bus Stand,1,normal
13.194666,77.699948,12.976079,77.5721339,1.0768459739391913,13,5,33724,2993,Bengaluru,Kempegowda International Airport,Majestic Bus Stand,0,normal
13.194666,77.699948,12.976079,77.5721339,0.8255930504510525,18,5,33724,2993,Bengaluru,Kempegowda International Airport,Majestic Bus Stand,1,normal
13.194666,77.699948,12.976079,77.5721339,0.7273638489809555,22,5,33724,2993,Bengaluru,Kempegowda International Airport,Majestic Bus Stand,0,normal
13.194666,77.699948,12.976079,77.5721339,1.0197126628800535,8,5,33724,2993,Bengaluru,Kempegowda International Airport,Majestic Bus Stand,1,normal
18.923441,72.83384889999999,18.942734,72.8233462,0.7882653061224489,18,4,3584,784,Mumbai,Gateway of India,Marine Drive,1,normal
18.923441,72.83384889999999,18.942734,72.8233462,0.7564402810304449,18,4,3642,854,Mumbai,Gateway of India,Marine Drive,1,normal
18.923441,72.83384889999999,18.942734,72.8233462,1.093112244897959,9,5,3584,784,Mumbai,Gateway of India,Marine Drive,1,normal
18.923441,72.83384889999999,18.942734,72.8233462,1.0831381733021077,9,5,3642,854,Mumbai,Gateway of India,Marine Drive,1,normal
18.923441,72.83384889999999,18.942734,72.8233462,1.2614795918367347,13,5,3584,784,Mumbai,Gateway of India,Marine Drive,0,normal
18.923441,72.83384889999999,18.942734,72.8233462,1.2634660421545667,13,5,3642,854,Mumbai,Gateway of India,Marine Drive,0,normal
18.923441,72.83384889999999,18.942734,72.8233462,1.0140515222482436,18,5,3642,854,Mumbai,Gateway of India,Marine Drive,1,normal
18.923441,72.83384889999999,18.942734,72.8233462,1.218112244897959,18,5,3584,784,Mumbai,Gateway of India,Marine Drive,1,normal
18.923441,72.83384889999999,18.942734,72.8233462,0.6186224489795918,22,5,3584,784,Mumbai,Gateway of India,Marine Drive,0,normal
18.923441,72.83384889999999,18.942734,72.8233462,0.5971896955503513,22,5,3642,854,Mumbai,Gateway of India,Marine Drive,0,normal
18.923441,72.83384889999999,18.942734,72.8233462,1.0739795918367347,8,5,3584,784,Mumbai,Gateway of India,Marine Drive,1,normal
18.923441,72.83384889999999,18.942734,72.8233462,1.050351288056206,8,5,3642,854,Mumbai,Gateway of India,Marine Drive,1,normal
19.1048244,72.8267616,19.0361316,72.81736269999999,0.7363485934914507,18,4,10483,1813,Mumbai,Juhu Beach,Bandra Worli Sea Link,1,normal
19.104795,72.8266513,19.0361316,72.81736269999999,0.7298553719008265,18,4,10462,1936,Mumbai,Juhu Beach,Bandra Worli Sea Link,1,normal
19.104795,72.8266513,19.0361316,72.81736269999999,0.8187683284457478,18,4,13720,1705,Mumbai,Juhu Beach,Bandra Worli Sea Link,1,normal
19.104795,72.8266513,19.0361316,72.81736269999999,1.0193548387096774,9,5,13720,1705,Mumbai,Juhu Beach,Bandra Worli Sea Link,1,normal
19.104795,72.8266513,19.0361316,72.81736269999999,1.0862603305785123,9,5,10462,1936,Mumbai,Juhu Beach,Bandra Worli Sea Link,1,normal
19.104795,72.8266513,19.0361316,72.81736269999999,1.207624633431085,13,5,13720,1705,Mumbai,Juhu Beach,Bandra Worli Sea Link,0,normal
19.104795,72.8266513,19.0361316,72.81736269999999,1.2164256198347108,13,5,10462,1936,Mumbai,Juhu Beach,Bandra Worli Sea Link,0,normal
19.104795,72.8266513,19.0361316,72.81736269999999,0.906158357771261,18,5,13720,1705,Mumbai,Juhu Beach,Bandra Worli Sea Link,1,normal
19.104795,72.8266513,19.0361316,72.81736269999999,0.9018595041322314,18,5,10462,1936,Mumbai,Juhu Beach,Bandra Worli Sea Link,1,normal
19.104795,72.8266513,19.0361316,72.81736269999999,0.7055718475073314,22,5,13720,1705,Mumbai,Juhu Beach,Bandra Worli Sea Link,0,normal
19.104795,72.8266513,19.0361316,72.81736269999999,0.6466942148760331,22,5,10462,1936,Mumbai,Juhu Beach,Bandra Worli Sea Link,0,normal
19.104795,72.8266513,19.0361316,72.81736269999999,1.0821114369501466,8,5,13720,1705,Mumbai,Juhu Beach,Bandra Worli Sea Link,1,normal
19.104795,72.8266513,19.0361316,72.81736269999999,1.1038223140495869,8,5,10462,1936,Mumbai,Juhu Beach,Bandra Worli Sea Link,1,normal
18.9246447,72.8321315,19.0380161,72.8537468,0.7234866828087168,18,4,14599,2065,Mumbai,Colaba Causeway,Dharavi,1,normal
18.9246447,72.8321315,19.0380161,72.8537468,0.6742248958815363,18,4,14658,2161,Mumbai,Colaba Causeway,Dharavi,1,normal
18.9246447,72.8321315,19.0380161,72.8537468,0.6901408450704225,18,4,17387,2343,Mumbai,Colaba Causeway,Dharavi,1,normal
18.9246447,72.8321315,19.0380161,72.8537468,1.0997578692493948,9,5,14599,2065,Mumbai,Colaba Causeway,Dharavi,1,normal
18.9246447,72.8321315,19.0380161,72.8537468,1.1169440887750748,9,5,17387,2343,Mumbai,Colaba Causeway,Dharavi,1,normal
18.9246447,72.8321315,19.0380161,72.8537468,1.1133805752396833,9,5,15743,2399,Mumbai,Colaba Causeway,Dharavi,1,normal
18.9246447,72.8321315,19.0380161,72.8537468,1.0498789346246973,13,5,14599,2065,Mumbai,Colaba Causeway,Dharavi,0,normal
18.9246447,72.8321315,19.0380161,72.8537468,1.0600250104210087,13,5,15743,2399,Mumbai,Colaba Causeway,Dharavi,0,normal
18.9246447,72.8321315,19.0380161,72.8537468,1.0768245838668373,13,5,17387,2343,Mumbai,Colaba Causeway,Dharavi,0,normal
18.9246447,72.8321315,19.0380161,72.8537468,0.8832929782082325,18,5,14599,2065,Mumbai,Colaba Causeway,Dharavi,1,normal
18.9246447,72.8321315,19.0380161,72.8537468,0.8702518139137857,18,5,17387,2343,Mumbai,Colaba Causeway,Dharavi,1,normal
18.9246447,72.8321315,19.0380161,72.8537468,0.8599416423509796,18,5,15743,2399,Mumbai,Colaba Causeway,Dharavi,1,normal
18.9246447,72.8321315,19.0380161,72.8537468,0.6508474576271186,22,5,14599,2065,Mumbai,Colaba Causeway,Dharavi,0,normal
18.9246447,72.8321315,19.0380161,72.8537468,0.6338028169014085,22,5,17387,2343,Mumbai,Colaba Causeway,Dharavi,0,normal
18.9246447,72.8321315,19.0380161,72.8537468,0.6365152146727803,22,5,15743,2399,Mumbai,Colaba Causeway,Dharavi,0,normal
18.9246447,72.8321315,19.0380161,72.8537468,1.0382566585956416,8,5,14599,2065,Mumbai,Colaba Causeway,Dharavi,1,normal
18.9246447,72.8321315,19.0380161,72.8537468,1.0341442594963721,8,5,17387,2343,Mumbai,Colaba Causeway,Dharavi,1,normal
18.9246447,72.8321315,19.0380161,72.8537468,1.0579408086702793,8,5,15743,2399,Mumbai,Colaba Causeway,Dharavi,1,normal
18.9400991,72.8359306,18.9778215,72.8104123,0.7610410094637224,18,4,7197,1268,Mumbai,CST Station,Haji Ali Dargah,1,normal
18.9400991,72.8359306,18.9778215,72.8104123,0.706529713866471,18,4,6685,1363,Mumbai,CST Station,Haji Ali Dargah,1,normal
18.9400991,72.8359306,18.9778215,72.8104123,0.7161422708618331,18,4,7985,1462,Mumbai,CST Station,Haji Ali Dargah,1,normal
18.9400991,72.8359306,18.9800245,72.80983049999999,0.9453658536585365,9,5,8114,1025,Mumbai,CST Station,Haji Ali Dargah,1,normal
18.9400991,72.8359306,18.9778215,72.8104123,0.9913249211356467,9,5,7197,1268,Mumbai,CST Station,Haji Ali Dargah,1,normal
18.9400991,72.8359306,18.9800245,72.80983049999999,1.0078048780487805,13,5,8114,1025,Mumbai,CST Station,Haji Ali Dargah,0,normal
18.9400991,72.8359306,18.9778215,72.8104123,1.0701892744479495,13,5,7197,1268,Mumbai,CST Station,Haji Ali Dargah,0,normal
18.9400991,72.8359306,18.9778215,72.8104123,0.7997065297138665,18,5,6685,1363,Mumbai,CST Station,Haji Ali Dargah,1,normal
18.9400991,72.8359306,18.9778215,72.8104123,0.8801261829652997,18,5,7197,1268,Mumbai,CST Station,Haji Ali Dargah,1,normal
18.9400991,72.8359306,18.9778215,72.8104123,0.8734610123119015,18,5,7985,1462,Mumbai,CST Station,Haji Ali Dargah,1,normal
18.9400991,72.8359306,18.9778215,72.8104123,0.636435331230284,22,5,7197,1268,Mumbai,CST Station,Haji Ali Dargah,0,normal
18.9400991,72.8359306,18.9778215,72.8104123,0.6170212765957447,22,5,6685,1363,Mumbai,CST Station,Haji Ali Dargah,0,normal
18.9400991,72.8359306,18.9778215,72.8104123,0.6723666210670315,22,5,7985,1462,Mumbai,CST Station,Haji Ali Dargah,0,normal
18.9400991,72.8359306,18.9800245,72.80983049999999,0.926829268292683,8,5,8114,1025,Mumbai,CST Station,Haji Ali Dargah,1,normal
18.9400991,72.8359306,18.9778215,72.8104123,0.972397476340694,8,5,7197,1268,Mumbai,CST Station,Haji Ali Dargah,1,normal
19.0168266,72.82989119999999,19.1259401,72.9087371,0.7568149210903874,18,4,22854,2788,Mumbai,Siddhivinayak Temple,Powai Lake,1,normal
19.0168266,72.82989119999999,19.1259401,72.9087371,0.819744058500914,18,4,22849,2735,Mumbai,Siddhivinayak Temple,Powai Lake,1,normal
19.0168266,72.82989119999999,19.1259401,72.9087371,0.7599145820622331,18,4,25510,3278,Mumbai,Siddhivinayak Temple,Powai Lake,1,normal
19.0168266,72.82989119999999,19.1259401,72.9087371,1.0117001828153565,9,5,22849,2735,Mumbai,Siddhivinayak Temple,Powai Lake,1,normal
19.0168266,72.82989119999999,19.1259401,72.9087371,0.9586206896551724,9,5,25430,3335,Mumbai,Siddhivinayak Temple,Powai Lake,1,normal
19.0168266,72.82989119999999,19.1259401,72.9087371,0.9912841371295759,9,5,25793,3442,Mumbai,Siddhivinayak Temple,Powai Lake,1,normal
19.0168266,72.82989119999999,19.1259401,72.9087371,1.0665447897623401,13,5,22849,2735,Mumbai,Siddhivinayak Temple,Powai Lake,0,normal
19.0168266,72.82989119999999,19.1259401,72.9087371,1.0377811094452773,13,5,25430,3335,Mumbai,Siddhivinayak Temple,Powai Lake,0,normal
19.0168266,72.82989119999999,19.1259401,72.9087371,1.0679837303893085,13,5,25793,3442,Mumbai,Siddhivinayak Temple,Powai Lake,0,normal
19.0168266,72.82989119999999,19.1259401,72.9087371,0.8786106032906764,18,5,22849,2735,Mumbai,Siddhivinayak Temple,Powai Lake,1,normal
19.0168266,72.82989119999999,19.1259401,72.9087371,0.8743628185907046,18,5,25430,3335,Mumbai,Siddhivinayak Temple,Powai Lake,1,normal
19.0168266,72.82989119999999,19.1259401,72.9087371,0.6903107861060329,22,5,22849,2735,Mumbai,Siddhivinayak Temple,Powai Lake,0,normal
19.0168266,72.82989119999999,19.1259401,72.9087371,0.6770614692653674,22,5,25430,3335,Mumbai,Siddhivinayak Temple,Powai Lake,0,normal
19.0168266,72.82989119999999,19.1259401,72.9087371,0.6917489831493318,22,5,25793,3442,Mumbai,Siddhivinayak Temple,Powai Lake,0,normal
19.0168266,72.82989119999999,19.1259401,72.9087371,1.0062157221206582,8,5,22849,2735,Mumbai,Siddhivinayak Temple,Powai Lake,1,normal
19.0168266,72.82989119999999,19.1259401,72.9087371,0.9350213544844417,8,5,25510,3278,Mumbai,Siddhivinayak Temple,Powai Lake,1,normal
19.0168266,72.82989119999999,19.1259401,72.9087371,0.9227110582639715,8,5,26877,3364,Mumbai,Siddhivinayak Temple,Powai Lake,1,normal
18.9254592,72.8241963,19.1606164,72.8878183,0.7699039487726788,18,4,35475,4685,Mumbai,Nariman Point,Goregaon Film City,1,normal
18.9254592,72.8241963,19.1606164,72.8878183,0.8048732560424445,18,4,45615,5089,Mumbai,Nariman Point,Goregaon Film City,1,normal
18.9254592,72.8241963,19.1606164,72.8878183,0.9807952393832837,9,5,38063,3697,Mumbai,Nariman Point,Goregaon Film City,1,normal
18.9254592,72.8241963,19.1606164,72.8878183,1.0099071207430341,9,5,40227,4845,Mumbai,Nariman Point,Goregaon Film City,1,normal
18.9254592,72.8241963,19.1606164,72.8878183,1.1479578036245603,13,5,38063,3697,Mumbai,Nariman Point,Goregaon Film City,0,normal
18.9254592,72.8241963,19.1606164,72.8878183,1.0635706914344685,13,5,40227,4845,Mumbai,Nariman Point,Goregaon Film City,0,normal
18.9254592,72.8241963,19.1606164,72.8878183,0.961609907120743,18,5,40227,4845,Mumbai,Nariman Point,Goregaon Film City,1,normal
18.9254592,72.8241963,19.1606164,72.8878183,0.9939084299469444,18,5,45615,5089,Mumbai,Nariman Point,Goregaon Film City,1,normal
18.9254592,72.8241963,19.1606164,72.8878183,0.7409988385598142,22,5,37669,4305,Mumbai,Nariman Point,Goregaon Film City,0,normal
18.9254592,72.8241963,19.1606164,72.8878183,0.6848297213622291,22,5,40227,4845,Mumbai,Nariman Point,Goregaon Film City,0,normal
18.9254592,72.8241963,19.1606164,72.8878183,0.7235213204951857,22,5,45615,5089,Mumbai,Nariman Point,Goregaon Film City,0,normal
18.9254592,72.8241963,19.1606164,72.8878183,0.9383283743575872,8,5,38063,3697,Mumbai,Nariman Point,Goregaon Film City,1,normal
19.0690006,72.8701171,19.0955036,72.85297179999999,0.7593856655290102,18,4,7977,1172,Mumbai,BKC,International Airport,1,normal
19.0690006,72.8701171,19.0955036,72.85297179999999,0.8871925360474979,18,4,6858,1179,Mumbai,BKC,International Airport,1,normal
19.0690006,72.8701171,19.0955036,72.85297179999999,1.0315699658703072,9,5,7977,1172,Mumbai,BKC,International Airport,1,normal
19.0690006,72.8701171,19.0955036,72.85297179999999,1.025445292620865,9,5,6858,1179,Mumbai,BKC,International Airport,1,normal
19.0690006,72.8701171,19.0955036,72.85297179999999,1.0473515248796148,9,5,8750,1246,Mumbai,BKC,International Airport,1,normal
19.0690006,72.8701171,19.0955036,72.85297179999999,1.1543681085665818,13,5,6858,1179,Mumbai,BKC,International Airport,0,normal
19.0690006,72.8701171,19.0955036,72.85297179999999,1.310580204778157,13,5,7977,1172,Mumbai,BKC,International Airport,0,normal
19.0690006,72.8701171,19.0955036,72.85297179999999,1.290529695024077,13,5,8750,1246,Mumbai,BKC,International Airport,0,normal
19.0690006,72.8701171,19.0955036,72.85297179999999,1.077184054283291,18,5,6858,1179,Mumbai,BKC,International Airport,1,normal
19.0690006,72.8701171,19.0955036,72.85297179999999,1.1672354948805461,18,5,7977,1172,Mumbai,BKC,International Airport,1,normal
19.0690006,72.8701171,19.0955036,72.85297179999999,1.1621187800963082,18,5,8750,1246,Mumbai,BKC,International Airport,1,normal
19.0690006,72.8701171,19.0955036,72.85297179999999,0.6171749598715891,22,5,8750,1246,Mumbai,BKC,International Airport,0,normal
19.0690006,72.8701171,19.0955036,72.85297179999999,0.6463104325699746,22,5,6858,1179,Mumbai,BKC,International Airport,0,normal
19.0690006,72.8701171,19.0955036,72.85297179999999,0.6774744027303754,22,5,7977,1172,Mumbai,BKC,International Airport,0,normal
19.0690006,72.8701171,19.0955036,72.85297179999999,0.9889078498293515,8,5,7977,1172,Mumbai,BKC,International Airport,1,normal
19.0690006,72.8701171,19.0955036,72.85297179999999,1.0330788804071247,8,5,6858,1179,Mumbai,BKC,International Airport,1,normal
19.0690006,72.8701171,19.0955036,72.85297179999999,1.0200642054574638,8,5,8750,1246,Mumbai,BKC,International Airport,1,normal
19.0178121,72.8477922,19.1136938,72.8697462,0.785552021808269,18,4,15154,2201,Mumbai,Dadar,Andheri,1,normal
19.0178121,72.8477922,19.1136938,72.8697462,0.7279549718574109,18,4,18048,2665,Mumbai,Dadar,Andheri,1,normal
19.0178121,72.8477922,19.1136938,72.8697462,0.8117559523809523,18,4,15012,2688,Mumbai,Dadar,Andheri,1,normal
19.0178121,72.8477922,19.1136938,72.8697462,1.0599727396637892,9,5,15154,2201,Mumbai,Dadar,Andheri,1,normal
19.0178121,72.8477922,19.1136938,72.8697462,1.0217636022514072,9,5,18048,2665,Mumbai,Dadar,Andheri,1,normal
19.0178121,72.8477922,19.1136938,72.8697462,1.0308779761904763,9,5,15012,2688,Mumbai,Dadar,Andheri,1,normal
19.0178121,72.8477922,19.1136938,72.8697462,1.1908223534756928,13,5,15154,2201,Mumbai,Dadar,Andheri,0,normal
19.0178121,72.8477922,19.1136938,72.8697462,1.103422619047619,13,5,15012,2688,Mumbai,Dadar,Andheri,0,normal
19.0178121,72.8477922,19.1136938,72.8697462,1.148968105065666,13,5,18048,2665,Mumbai,Dadar,Andheri,0,normal
19.0178121,72.8477922,19.1136938,72.8697462,0.9106941838649155,18,5,18048,2665,Mumbai,Dadar,Andheri,1,normal
19.0178121,72.8477922,19.1136938,72.8697462,1.0840527033166742,18,5,15154,2201,Mumbai,Dadar,Andheri,1,normal
19.0178121,72.8477922,19.1136938,72.8697462,0.9553571428571429,18,5,15012,2688,Mumbai,Dadar,Andheri,1,normal
19.0178121,72.8477922,19.1136938,72.8697462,0.6465243071331213,22,5,15154,2201,Mumbai,Dadar,Andheri,0,normal
19.0178121,72.8477922,19.1136938,72.8697462,0.6270168855534709,22,5,18048,2665,Mumbai,Dadar,Andheri,0,normal
19.0178121,72.8477922,19.1136938,72.8697462,0.6413690476190477,22,5,15012,2688,Mumbai,Dadar,Andheri,0,normal
19.0178121,72.8477922,19.1136938,72.8697462,1.0676965015901863,8,5,15154,2201,Mumbai,Dadar,Andheri,1,normal
19.0178121,72.8477922,19.1136938,72.8697462,0.99812382739212,8,5,18048,2665,Mumbai,Dadar,Andheri,1,normal
19.0178121,72.8477922,19.1136938,72.8697462,1.0152529761904763,8,5,15012,2688,Mumbai,Dadar,Andheri,1,normal
17.3610609,78.472602,17.3847071,78.403322,0.7985537190082644,18,4,9979,1936,Hyderabad,Charminar,Golconda Fort,1,normal
17.3610609,78.472602,17.3847071,78.403322,0.9891528925619835,9,5,9979,1936,Hyderabad,Charminar,Golconda Fort,1,normal
17.3610609,78.472602,17.3847071,78.403322,1.1234504132231404,13,5,9979,1936,Hyderabad,Charminar,Golconda Fort,0,normal
17.3610609,78.472602,17.3847071,78.403322,0.8899793388429752,18,5,9979,1936,Hyderabad,Charminar,Golconda Fort,1,normal
17.3610609,78.472602,17.3847071,78.403322,0.7071280991735537,22,5,9979,1936,Hyderabad,Charminar,Golconda Fort,0,normal
17.3610609,78.472602,17.3847071,78.403322,0.9855371900826446,8,5,9979,1936,Hyderabad,Charminar,Golconda Fort,1,normal
17.422427,78.4651385,17.4054454,78.4693291,0.9780380673499268,18,4,3644,683,Hyderabad,Hussain Sagar,Birla Mandir,1,normal
17.422427,78.4651385,17.4054454,78.4693291,0.8041237113402062,18,4,3299,679,Hyderabad,Hussain Sagar,Birla Mandir,1,normal
17.422427,78.4651385,17.4054454,78.4693291,0.9392185238784371,18,4,3680,691,Hyderabad,Hussain Sagar,Birla Mandir,1,normal
17.422427,78.4651385,17.4054454,78.4693291,0.8945827232796486,9,5,3644,683,Hyderabad,Hussain Sagar,Birla Mandir,1,normal
17.422427,78.4651385,17.4054454,78.4693291,0.9219440353460973,9,5,3299,679,Hyderabad,Hussain Sagar,Birla Mandir,1,normal
17.422427,78.4651385,17.4054454,78.4693291,1.0966325036603222,13,5,3644,683,Hyderabad,Hussain Sagar,Birla Mandir,0,normal
17.422427,78.4651385,17.4054454,78.4693291,1.0456553755522828,13,5,3299,679,Hyderabad,Hussain Sagar,Birla Mandir,0,normal
17.422427,78.4651385,17.4054454,78.4693291,1.1907894736842106,13,5,4182,760,Hyderabad,Hussain Sagar,Birla Mandir,0,normal
17.422427,78.4651385,17.4054454,78.4693291,1.0790629575402635,18,5,3644,683,Hyderabad,Hussain Sagar,Birla Mandir,1,normal
17.422427,78.4651385,17.4054454,78.4693291,0.9705449189985272,18,5,3299,679,Hyderabad,Hussain Sagar,Birla Mandir,1,normal
17.422427,78.4651385,17.4054454,78.4693291,0.9868421052631579,18,5,4182,760,Hyderabad,Hussain Sagar,Birla Mandir,1,normal
17.422427,78.4651385,17.4054454,78.4693291,0.8418740849194729,22,5,3644,683,Hyderabad,Hussain Sagar,Birla Mandir,0,normal
17.422427,78.4651385,17.4054454,78.4693291,0.8232695139911634,22,5,3299,679,Hyderabad,Hussain Sagar,Birla Mandir,0,normal
17.422427,78.4651385,17.4054454,78.4693291,0.7618421052631579,22,5,4182,760,Hyderabad,Hussain Sagar,Birla Mandir,0,normal
17.422427,78.4651385,17.4054454,78.4693291,0.8887262079062958,8,5,3644,683,Hyderabad,Hussain Sagar,Birla Mandir,1,normal
17.422427,78.4651385,17.4054454,78.4693291,0.8924889543446245,8,5,3299,679,Hyderabad,Hussain Sagar,Birla Mandir,1,normal
17.4434687,78.3772879,17.4340684,78.5021299,0.7197318810222036,18,4,17252,2387,Hyderabad,Hi-Tech City,Secunderabad Station,1,normal
17.4434687,78.3772879,17.4340684,78.5021299,0.762021762021762,18,4,20737,2849,Hyderabad,Hi-Tech City,Secunderabad Station,1,normal
17.4434652,78.3771045,17.4340684,78.5021299,0.7320284697508896,18,4,20302,2810,Hyderabad,Hi-Tech City,Secunderabad Station,1,normal
17.4434687,78.3772879,17.4340684,78.5021299,1.0502723083368244,9,5,17252,2387,Hyderabad,Hi-Tech City,Secunderabad Station,1,normal
17.4434687,78.3772879,17.4340684,78.5021299,1.0284310284310285,9,5,20737,2849,Hyderabad,Hi-Tech City,Secunderabad Station,1,normal
17.4434652,78.3771045,17.4340684,78.5021299,0.9971530249110321,9,5,20302,2810,Hyderabad,Hi-Tech City,Secunderabad Station,1,normal
17.4434687,78.3772879,17.4340684,78.5021299,1.1612903225806452,13,5,17252,2387,Hyderabad,Hi-Tech City,Secunderabad Station,0,normal
17.4434687,78.3772879,17.4340684,78.5021299,1.146016146016146,13,5,20737,2849,Hyderabad,Hi-Tech City,Secunderabad Station,0,normal
17.4434652,78.3771045,17.4340684,78.5021299,1.1608540925266904,13,5,20302,2810,Hyderabad,Hi-Tech City,Secunderabad Station,0,normal
17.4434687,78.3772879,17.4340684,78.5021299,0.7972350230414746,18,5,17252,2387,Hyderabad,Hi-Tech City,Secunderabad Station,1,normal
17.4434652,78.3771045,17.4340684,78.5021299,0.802846975088968,18,5,20302,2810,Hyderabad,Hi-Tech City,Secunderabad Station,1,normal
17.4434687,78.3772879,17.4340684,78.5021299,0.8989118989118989,18,5,20737,2849,Hyderabad,Hi-Tech City,Secunderabad Station,1,normal
17.4434687,78.3772879,17.4340684,78.5021299,0.5902806870548806,22,5,17252,2387,Hyderabad,Hi-Tech City,Secunderabad Station,0,normal
17.4434687,78.3772879,17.4340684,78.5021299,0.6363636363636364,22,5,20737,2849,Hyderabad,Hi-Tech City,Secunderabad Station,0,normal
17.4434652,78.3771045,17.4340684,78.5021299,0.6626334519572954,22,5,20302,2810,Hyderabad,Hi-Tech City,Secunderabad Station,0,normal
17.4434687,78.3772879,17.4340684,78.5021299,1.0167574361122749,8,5,17252,2387,Hyderabad,Hi-Tech City,Secunderabad Station,1,normal
17.4434652,78.3771045,17.4340684,78.5021299,0.9711743772241993,8,5,20302,2810,Hyderabad,Hi-Tech City,Secunderabad Station,1,normal
17.4434687,78.3772879,17.4340684,78.5021299,1.0073710073710074,8,5,20737,2849,Hyderabad,Hi-Tech City,Secunderabad Station,1,normal
17.4168739,78.4386863,17.4325744,78.4070387,0.7638121546961326,18,4,4790,724,Hyderabad,Banjara Hills,Jubilee Hills,1,normal
17.4168739,78.4386863,17.4325744,78.4070387,1.1533149171270718,9,5,4790,724,Hyderabad,Banjara Hills,Jubilee Hills,1,normal
17.4168739,78.4386863,17.4325744,78.4070387,1.2955801104972375,13,5,4790,724,Hyderabad,Banjara Hills,Jubilee Hills,0,normal
17.4168739,78.4386863,17.4325744,78.4070387,0.81353591160221,18,5,4790,724,Hyderabad,Banjara Hills,Jubilee Hills,1,normal
17.4168739,78.4386863,17.4325744,78.4070387,0.6685082872928176,22,5,4790,724,Hyderabad,Banjara Hills,Jubilee Hills,0,normal
17.4168739,78.4386863,17.4325744,78.4070387,1.171270718232044,8,5,4790,724,Hyderabad,Banjara Hills,Jubilee Hills,1,normal
17.4064972,78.4772112,17.3505811,78.4522829,0.8339100346020761,18,4,20466,2023,Hyderabad,Ramoji Film City,Nehru Zoological Park,1,normal
17.4064972,78.4772112,17.3505811,78.4522829,0.8310871518418689,18,4,16482,2226,Hyderabad,Ramoji Film City,Nehru Zoological Park,1,normal
17.4064972,78.4772112,17.3505811,78.4522829,0.9550173010380623,9,5,20466,2023,Hyderabad,Ramoji Film City,Nehru Zoological Park,1,normal
17.4064972,78.4772112,17.3505811,78.4522829,1.0377358490566038,9,5,16482,2226,Hyderabad,Ramoji Film City,Nehru Zoological Park,1,normal
17.4064972,78.4772112,17.3505811,78.4522829,1.1591695501730104,13,5,20466,2023,Hyderabad,Ramoji Film City,Nehru Zoological Park,0,normal
17.4064972,78.4772112,17.3505811,78.4522829,1.1630727762803235,13,5,16482,2226,Hyderabad,Ramoji Film City,Nehru Zoological Park,0,normal
17.4064972,78.4772112,17.3505811,78.4522829,0.9223924864063272,18,5,20466,2023,Hyderabad,Ramoji Film City,Nehru Zoological Park,1,normal
17.4064972,78.4772112,17.3505811,78.4522829,0.9177897574123989,18,5,16482,2226,Hyderabad,Ramoji Film City,Nehru Zoological Park,1,normal
17.4064972,78.4772112,17.3505811,78.4522829,0.6940187839841819,22,5,20466,2023,Hyderabad,Ramoji Film City,Nehru Zoological Park,0,normal
17.4064972,78.4772112,17.3505811,78.4522829,0.6617250673854448,22,5,16482,2226,Hyderabad,Ramoji Film City,Nehru Zoological Park,0,normal
17.4064972,78.4772112,17.3505811,78.4522829,0.9372219476025705,8,5,20466,2023,Hyderabad,Ramoji Film City,Nehru Zoological Park,1,normal
17.4064972,78.4772112,17.3505811,78.4522829,1.037286612758311,8,5,16482,2226,Hyderabad,Ramoji Film City,Nehru Zoological Park,1,normal
17.4434687,78.3772879,17.4400926,78.34888749999999,0.8256172839506173,18,4,5376,648,Hyderabad,HITEC City,Gachibowli,1,normal
17.4434687,78.3772879,17.4400926,78.34888749999999,0.7807407407407407,18,4,5577,675,Hyderabad,HITEC City,Gachibowli,1,normal
17.4434687,78.3772879,17.4400926,78.34888749999999,0.790257104194858,18,4,4696,739,Hyderabad,HITEC City,Gachibowli,1,normal
17.4434687,78.3772879,17.4400926,78.34888749999999,0.9259259259259259,9,5,5376,648,Hyderabad,HITEC City,Gachibowli,1,normal
17.4434687,78.3772879,17.4400926,78.34888749999999,0.86468200270636,9,5,4696,739,Hyderabad,HITEC City,Gachibowli,1,normal
17.4434687,78.3772879,17.4400926,78.34888749999999,0.8628158844765343,9,5,5381,831,Hyderabad,HITEC City,Gachibowli,1,normal
17.4434687,78.3772879,17.4400926,78.34888749999999,1.0154320987654322,13,5,5376,648,Hyderabad,HITEC City,Gachibowli,0,normal
17.4434687,78.3772879,17.4400926,78.34888749999999,0.9377537212449256,13,5,4696,739,Hyderabad,HITEC City,Gachibowli,0,normal
17.4434687,78.3772879,17.4400926,78.34888749999999,0.9687123947051745,13,5,5381,831,Hyderabad,HITEC City,Gachibowli,0,normal
17.4434687,78.3772879,17.4400926,78.34888749999999,0.8703703703703703,18,5,5376,648,Hyderabad,HITEC City,Gachibowli,1,normal
17.4434687,78.3772879,17.4400926,78.34888749999999,0.8362652232746955,18,5,4696,739,Hyderabad,HITEC City,Gachibowli,1,normal
17.4434687,78.3772879,17.4400926,78.34888749999999,0.7484567901234568,22,5,5376,648,Hyderabad,HITEC City,Gachibowli,0,normal
17.4434687,78.3772879,17.4400926,78.34888749999999,0.7334235453315291,22,5,4696,739,Hyderabad,HITEC City,Gachibowli,0,normal
17.4434687,78.3772879,17.4400926,78.34888749999999,0.7075812274368231,22,5,5381,831,Hyderabad,HITEC City,Gachibowli,0,normal
17.4434687,78.3772879,17.4400926,78.34888749999999,0.9197530864197531,8,5,5376,648,Hyderabad,HITEC City,Gachibowli,1,normal
17.4434687,78.3772879,17.4400926,78.34888749999999,0.8619756427604871,8,5,4696,739,Hyderabad,HITEC City,Gachibowli,1,normal
17.4434687,78.3772879,17.4400926,78.34888749999999,0.8616125150421179,8,5,5381,831,Hyderabad,HITEC City,Gachibowli,1,normal
17.4447243,78.466397,17.2445667,78.3887311,0.8139013452914798,18,4,29748,2676,Hyderabad,Begumpet,Shamshabad Airport,1,normal
17.4447243,78.466397,17.2445667,78.3887311,0.9394618834080718,9,5,29748,2676,Hyderabad,Begumpet,Shamshabad Airport,1,normal
17.4447243,78.466397,17.2445667,78.3887311,1.0784753363228698,13,5,29748,2676,Hyderabad,Begumpet,Shamshabad Airport,0,normal
17.4447243,78.466397,17.2445667,78.3887311,1.0346964064436184,13,5,39220,3228,Hyderabad,Begumpet,Shamshabad Airport,0,normal
17.4447243,78.466397,17.2445667,78.3887311,0.8957399103139013,18,5,29748,2676,Hyderabad,Begumpet,Shamshabad Airport,1,normal
17.4447243,78.466397,17.2445667,78.3887311,0.8844485749690211,18,5,39220,3228,Hyderabad,Begumpet,Shamshabad Airport,1,normal
17.4447243,78.466397,17.2445667,78.3887311,0.6969357249626308,22,5,29748,2676,Hyderabad,Begumpet,Shamshabad Airport,0,normal
17.4447243,78.466397,17.2445667,78.3887311,0.9368460388639761,8,5,29748,2676,Hyderabad,Begumpet,Shamshabad Airport,1,normal
17.4875295,78.39536310000001,17.3457231,78.5522335,0.7164923954372624,18,4,32316,4208,Hyderabad,Kukatpally,LB Nagar,1,normal
17.4875295,78.39536310000001,17.3457231,78.5522335,0.7056878306878307,18,4,29336,4536,Hyderabad,Kukatpally,LB Nagar,1,normal
17.4875295,78.39536310000001,17.3457231,78.5522335,0.8000458610410456,18,4,40962,4361,Hyderabad,Kukatpally,LB Nagar,1,normal
17.4875295,78.39536310000001,17.3457231,78.5522335,0.9332721852786058,9,5,40962,4361,Hyderabad,Kukatpally,LB Nagar,1,normal
17.4875295,78.39536310000001,17.3457231,78.5522335,1.0218631178707225,9,5,32316,4208,Hyderabad,Kukatpally,LB Nagar,1,normal
17.4875295,78.39536310000001,17.3457231,78.5522335,0.9988977072310405,9,5,29336,4536,Hyderabad,Kukatpally,LB Nagar,1,normal
17.4875295,78.39536310000001,17.3457231,78.5522335,1.0729190552625545,13,5,40962,4361,Hyderabad,Kukatpally,LB Nagar,0,normal
17.4875295,78.39536310000001,17.3457231,78.5522335,1.232652091254753,13,5,32316,4208,Hyderabad,Kukatpally,LB Nagar,0,normal
17.4875295,78.39536310000001,17.3457231,78.5522335,1.333994708994709,13,5,29336,4536,Hyderabad,Kukatpally,LB Nagar,0,normal
17.4875295,78.39536310000001,17.3457231,78.5522335,0.7946768060836502,18,5,32316,4208,Hyderabad,Kukatpally,LB Nagar,1,normal
17.4875295,78.39536310000001,17.3457231,78.5522335,0.8207671957671958,18,5,29336,4536,Hyderabad,Kukatpally,LB Nagar,1,normal
17.4875295,78.39536310000001,17.3457231,78.5522335,0.8908507223113965,18,5,40962,4361,Hyderabad,Kukatpally,LB Nagar,1,normal
17.4875295,78.39536310000001,17.3457231,78.5522335,0.5674603174603174,22,5,29336,4536,Hyderabad,Kukatpally,LB Nagar,0,normal
17.4875295,78.39536310000001,17.3457231,78.5522335,0.6081273764258555,22,5,32316,4208,Hyderabad,Kukatpally,LB Nagar,0,normal
17.4875295,78.39536310000001,17.3457231,78.5522335,0.6920431093785829,22,5,40962,4361,Hyderabad,Kukatpally,LB Nagar,0,normal
17.4875295,78.39536310000001,17.3457231,78.5522335,0.9183673469387755,8,5,40962,4361,Hyderabad,Kukatpally,LB Nagar,1,normal
17.4875295,78.39536310000001,17.3457231,78.5522335,1.018060836501901,8,5,32316,4208,Hyderabad,Kukatpally,LB Nagar,1,normal
17.4875295,78.39536310000001,17.3457231,78.5522335,0.9953703703703703,8,5,29336,4536,Hyderabad,Kukatpally,LB Nagar,1,normal
23.0592804,72.5790947,23.0061529,72.6046094,0.736998514115899,18,4,9212,1346,Ahmedabad,Sabarmati Ashram,Kankaria Lake,1,normal
23.0592804,72.5790947,23.0061529,72.6046094,0.7813884785819794,18,4,10801,1354,Ahmedabad,Sabarmati Ashram,Kankaria Lake,1,normal
23.0592804,72.5790947,23.0061529,72.6046094,0.8014545454545454,18,4,10783,1375,Ahmedabad,Sabarmati Ashram,Kankaria Lake,1,normal
23.0592804,72.5790947,23.0061529,72.6046094,0.9650817236255572,9,5,9212,1346,Ahmedabad,Sabarmati Ashram,Kankaria Lake,1,normal
23.0592804,72.5790947,23.0061529,72.6046094,0.9352727272727273,9,5,10783,1375,Ahmedabad,Sabarmati Ashram,Kankaria Lake,1,normal
23.0592804,72.5790947,23.0061529,72.6046094,0.9519940915805022,9,5,10801,1354,Ahmedabad,Sabarmati Ashram,Kankaria Lake,1,normal
23.0592804,72.5790947,23.0061529,72.6046094,1.0861812778603268,13,5,9212,1346,Ahmedabad,Sabarmati Ashram,Kankaria Lake,0,normal
23.0592804,72.5790947,23.0061529,72.6046094,1.0749090909090908,13,5,10783,1375,Ahmedabad,Sabarmati Ashram,Kankaria Lake,0,normal
23.0592804,72.5790947,23.0061529,72.6046094,1.0908419497784343,13,5,10801,1354,Ahmedabad,Sabarmati Ashram,Kankaria Lake,0,normal
23.0592804,72.5790947,23.0061529,72.6046094,0.836552748885587,18,5,9212,1346,Ahmedabad,Sabarmati Ashram,Kankaria Lake,1,normal
23.0592804,72.5790947,23.0061529,72.6046094,0.8500738552437223,18,5,10801,1354,Ahmedabad,Sabarmati Ashram,Kankaria Lake,1,normal
23.0592804,72.5790947,23.0061529,72.6046094,0.8872727272727273,18,5,10783,1375,Ahmedabad,Sabarmati Ashram,Kankaria Lake,1,normal
23.0592804,72.5790947,23.0061529,72.6046094,0.6998514115898959,22,5,9212,1346,Ahmedabad,Sabarmati Ashram,Kankaria Lake,0,normal
23.0592804,72.5790947,23.0061529,72.6046094,0.7725258493353028,22,5,10801,1354,Ahmedabad,Sabarmati Ashram,Kankaria Lake,0,normal
23.0592804,72.5790947,23.0061529,72.6046094,0.8138181818181818,22,5,10783,1375,Ahmedabad,Sabarmati Ashram,Kankaria Lake,0,normal
23.0592804,72.5790947,23.0061529,72.6046094,0.975482912332838,8,5,9212,1346,Ahmedabad,Sabarmati Ashram,Kankaria Lake,1,normal
23.0592804,72.5790947,23.0061529,72.6046094,0.944,8,5,10783,1375,Ahmedabad,Sabarmati Ashram,Kankaria Lake,1,normal
23.0592804,72.5790947,23.0061529,72.6046094,0.9667651403249631,8,5,10801,1354,Ahmedabad,Sabarmati Ashram,Kankaria Lake,1,normal
23.0279129,72.5609401,23.0717708,72.5170433,0.6623177283192633,18,4,7862,1303,Ahmedabad,Law Garden,Science City,1,normal
23.0279129,72.5609401,23.0717708,72.5170433,0.6809631301730624,18,4,7600,1329,Ahmedabad,Law Garden,Science City,1,normal
23.0279129,72.5609401,23.0717708,72.5170433,0.6999271667880553,18,4,8869,1373,Ahmedabad,Law Garden,Science City,1,normal
23.0279129,72.5609401,23.0717708,72.5170433,0.9370683039140445,9,5,7862,1303,Ahmedabad,Law Garden,Science City,1,normal
23.0279129,72.5609401,23.0717708,72.5170433,0.9247554552294959,9,5,7600,1329,Ahmedabad,Law Garden,Science City,1,normal
23.0279129,72.5609401,23.0717708,72.5170433,0.9664967225054625,9,5,8869,1373,Ahmedabad,Law Garden,Science City,1,normal
23.0279129,72.5609401,23.0717708,72.5170433,1.079048349961627,13,5,7862,1303,Ahmedabad,Law Garden,Science City,0,normal
23.0279129,72.5609401,23.0717708,72.5170433,1.090293453724605,13,5,7600,1329,Ahmedabad,Law Garden,Science City,0,normal
23.0279129,72.5609401,23.0717708,72.5170433,1.1442097596504006,13,5,8869,1373,Ahmedabad,Law Garden,Science City,0,normal
23.0279129,72.5609401,23.0717708,72.5170433,0.7229470452801228,18,5,7862,1303,Ahmedabad,Law Garden,Science City,1,normal
23.0279129,72.5609401,23.0717708,72.5170433,0.781038374717833,18,5,7600,1329,Ahmedabad,Law Garden,Science City,1,normal
23.0279129,72.5609401,23.0717708,72.5170433,0.7946103423160962,18,5,8869,1373,Ahmedabad,Law Garden,Science City,1,normal
23.0279129,72.5609401,23.0717708,72.5170433,0.6201074443591711,22,5,7862,1303,Ahmedabad,Law Garden,Science City,0,normal
23.0279129,72.5609401,23.0717708,72.5170433,0.6207674943566591,22,5,7600,1329,Ahmedabad,Law Garden,Science City,0,normal
23.0279129,72.5609401,23.0717708,72.5170433,0.6438455935906774,22,5,8869,1373,Ahmedabad,Law Garden,Science City,0,normal
23.0279129,72.5609401,23.0717708,72.5170433,0.9516500383729855,8,5,7862,1303,Ahmedabad,Law Garden,Science City,1,normal
23.0279129,72.5609401,23.0717708,72.5170433,0.9525959367945824,8,5,7600,1329,Ahmedabad,Law Garden,Science City,1,normal
23.0279129,72.5609401,23.0717708,72.5170433,0.9774217042971595,8,5,8869,1373,Ahmedabad,Law Garden,Science City,1,normal
22.9930646,72.5063322,23.1672486,72.58062509999999,0.722255369928401,18,4,26430,3352,Ahmedabad,Sarkhej Roza,Adalaj Stepwell,1,normal
22.9930646,72.5063322,23.1672486,72.58062509999999,0.9115120274914089,9,5,26207,2328,Ahmedabad,Sarkhej Roza,Adalaj Stepwell,1,normal
22.9930646,72.5063322,23.1672486,72.58062509999999,0.8963342530547891,9,5,27123,2537,Ahmedabad,Sarkhej Roza,Adalaj Stepwell,1,normal
22.9930646,72.5063322,23.1672486,72.58062509999999,1.0382302405498283,13,5,26207,2328,Ahmedabad,Sarkhej Roza,Adalaj Stepwell,0,normal
22.9930646,72.5063322,23.1672486,72.58062509999999,1.0331099724083563,13,5,27123,2537,Ahmedabad,Sarkhej Roza,Adalaj Stepwell,0,normal
22.9930646,72.5063322,23.1672486,72.58062509999999,0.8990549828178694,18,5,26207,2328,Ahmedabad,Sarkhej Roza,Adalaj Stepwell,1,normal
22.9930646,72.5063322,23.1672486,72.58062509999999,0.8919984233346472,18,5,27123,2537,Ahmedabad,Sarkhej Roza,Adalaj Stepwell,1,normal
22.9930646,72.5063322,23.1672486,72.58062509999999,0.7699880668257757,18,5,26430,3352,Ahmedabad,Sarkhej Roza,Adalaj Stepwell,1,normal
22.9930646,72.5063322,23.1672486,72.58062509999999,0.8144329896907216,22,5,26207,2328,Ahmedabad,Sarkhej Roza,Adalaj Stepwell,0,normal
22.9930646,72.5063322,23.1672486,72.58062509999999,0.7989751675206938,22,5,27123,2537,Ahmedabad,Sarkhej Roza,Adalaj Stepwell,0,normal
22.9930646,72.5063322,23.1672486,72.58062509999999,0.6566229116945107,22,5,26430,3352,Ahmedabad,Sarkhej Roza,Adalaj Stepwell,0,normal
22.9930646,72.5063322,23.1672486,72.58062509999999,0.9059278350515464,8,5,26207,2328,Ahmedabad,Sarkhej Roza,Adalaj Stepwell,1,normal
22.9930646,72.5063322,23.1672486,72.58062509999999,0.9002759164367363,8,5,27123,2537,Ahmedabad,Sarkhej Roza,Adalaj Stepwell,1,normal
23.0320442,72.53405040000001,23.0354275,72.5450935,0.7329974811083123,18,4,2531,397,Ahmedabad,IIM Ahmedabad,Gujarat University,1,normal
23.0320442,72.53405040000001,23.0362951,72.5486629,0.6953125,18,4,3108,512,Ahmedabad,IIM Ahmedabad,Gujarat University,1,normal
23.0320442,72.53405040000001,23.0422516,72.5402465,0.7094594594594594,18,4,3142,444,Ahmedabad,IIM Ahmedabad,Gujarat University,1,normal
23.0320442,72.53405040000001,23.0354275,72.5450935,0.9974811083123426,9,5,2531,397,Ahmedabad,IIM Ahmedabad,Gujarat University,1,normal
23.0320442,72.53405040000001,23.0362951,72.5486629,0.96484375,9,5,3108,512,Ahmedabad,IIM Ahmedabad,Gujarat University,1,normal
23.0320442,72.53405040000001,23.0422516,72.5402465,1.027027027027027,9,5,3142,444,Ahmedabad,IIM Ahmedabad,Gujarat University,1,normal
23.0320442,72.53405040000001,23.0362951,72.5486629,1.025390625,13,5,3108,512,Ahmedabad,IIM Ahmedabad,Gujarat University,0,normal
23.0320442,72.53405040000001,23.0354275,72.5450935,1.2720403022670026,13,5,2531,397,Ahmedabad,IIM Ahmedabad,Gujarat University,0,normal
23.0320442,72.53405040000001,23.0422516,72.5402465,1.2837837837837838,13,5,3142,444,Ahmedabad,IIM Ahmedabad,Gujarat University,0,normal
23.0320442,72.53405040000001,23.0354275,72.5450935,0.7984886649874056,18,5,2531,397,Ahmedabad,IIM Ahmedabad,Gujarat University,1,normal
23.0320442,72.53405040000001,23.0362951,72.5486629,0.822265625,18,5,3108,512,Ahmedabad,IIM Ahmedabad,Gujarat University,1,normal
23.0320442,72.53405040000001,23.0422516,72.5402465,0.7680180180180181,18,5,3142,444,Ahmedabad,IIM Ahmedabad,Gujarat University,1,normal
23.0320442,72.53405040000001,23.0354275,72.5450935,0.7355163727959698,22,5,2531,397,Ahmedabad,IIM Ahmedabad,Gujarat University,0,normal
23.0320442,72.53405040000001,23.0362951,72.5486629,0.703125,22,5,3108,512,Ahmedabad,IIM Ahmedabad,Gujarat University,0,normal
23.0320442,72.53405040000001,23.0422516,72.5402465,0.6373873873873874,22,5,3142,444,Ahmedabad,IIM Ahmedabad,Gujarat University,0,normal
23.0320442,72.53405040000001,23.0354275,72.5450935,1.0327455919395465,8,5,2531,397,Ahmedabad,IIM Ahmedabad,Gujarat University,1,normal
23.0320442,72.53405040000001,23.0362951,72.5486629,0.9765625,8,5,3108,512,Ahmedabad,IIM Ahmedabad,Gujarat University,1,normal
23.0320442,72.53405040000001,23.0422516,72.5402465,1.0427927927927927,8,5,3142,444,Ahmedabad,IIM Ahmedabad,Gujarat University,1,normal
23.0374667,72.5286726,23.0396899,72.5323725,0.7786885245901639,18,4,629,122,Ahmedabad,Vastrapur Lake,Alpha One Mall,1,normal
23.0374667,72.5286726,23.0396899,72.5323725,0.9754098360655737,9,5,629,122,Ahmedabad,Vastrapur Lake,Alpha One Mall,1,normal
23.0374667,72.5286726,23.0396899,72.5323725,1.2377049180327868,13,5,629,122,Ahmedabad,Vastrapur Lake,Alpha One Mall,0,normal
23.0374667,72.5286726,23.0396899,72.5323725,0.9590163934426229,18,5,629,122,Ahmedabad,Vastrapur Lake,Alpha One Mall,1,normal
23.0374667,72.5286726,23.0396899,72.5323725,0.9016393442622951,22,5,629,122,Ahmedabad,Vastrapur Lake,Alpha One Mall,0,normal
23.0374667,72.5286726,23.0396899,72.5323725,1.139344262295082,8,5,629,122,Ahmedabad,Vastrapur Lake,Alpha One Mall,1,normal
23.0287933,72.5724571,23.094453,72.5952464,0.7843450479233227,18,4,10008,1252,Ahmedabad,Riverfront,Sardar Patel Stadium,1,normal
23.0287933,72.5724571,23.094453,72.5952464,0.8447024673439768,18,4,11696,1378,Ahmedabad,Riverfront,Sardar Patel Stadium,1,normal
23.0287933,72.5724571,23.094453,72.5952464,0.9089456869009584,9,5,10008,1252,Ahmedabad,Riverfront,Sardar Patel Stadium,1,normal
23.0287933,72.5724571,23.094453,72.5952464,0.9238026124818578,9,5,11696,1378,Ahmedabad,Riverfront,Sardar Patel Stadium,1,normal
23.0287933,72.5724571,23.094453,72.5952464,1.043929712460064,13,5,10008,1252,Ahmedabad,Riverfront,Sardar Patel Stadium,0,normal
23.0287933,72.5724571,23.094453,72.5952464,1.0776487663280117,13,5,11696,1378,Ahmedabad,Riverfront,Sardar Patel Stadium,0,normal
23.0287933,72.5724571,23.094453,72.5952464,0.8210862619808307,18,5,10008,1252,Ahmedabad,Riverfront,Sardar Patel Stadium,1,normal
23.0287933,72.5724571,23.094453,72.5952464,0.8642960812772134,18,5,11696,1378,Ahmedabad,Riverfront,Sardar Patel Stadium,1,normal
23.0287933,72.5724571,23.094453,72.5952464,0.7188498402555911,22,5,10008,1252,Ahmedabad,Riverfront,Sardar Patel Stadium,0,normal
23.0287933,72.5724571,23.094453,72.5952464,0.7314949201741655,22,5,11696,1378,Ahmedabad,Riverfront,Sardar Patel Stadium,0,normal
23.0287933,72.5724571,23.094453,72.5952464,0.9161341853035144,8,5,10008,1252,Ahmedabad,Riverfront,Sardar Patel Stadium,1,normal
23.0287933,72.5724571,23.094453,72.5952464,0.9267053701015965,8,5,11696,1378,Ahmedabad,Riverfront,Sardar Patel Stadium,1,normal
22.9896648,72.5151176,23.1053438,72.5780044,0.7131578947368421,18,4,19765,2660,Ahmedabad,Airport,Gandhinagar,1,normal
22.9896648,72.5151176,23.1053438,72.5780044,0.735249621785174,18,4,19696,2644,Ahmedabad,Airport,Gandhinagar,1,normal
22.9896648,72.5151176,23.1053438,72.5780044,0.7812860993453985,18,4,19973,2597,Ahmedabad,Airport,Gandhinagar,1,normal
22.9896648,72.5151176,23.1053438,72.5780044,0.8948562783661119,9,5,19696,2644,Ahmedabad,Airport,Gandhinagar,1,normal
22.9896648,72.5151176,23.1053438,72.5780044,0.9364827312425565,9,5,22259,2519,Ahmedabad,Airport,Gandhinagar,1,normal
22.9896648,72.5151176,23.1053438,72.5780044,0.9306892568348094,9,5,19973,2597,Ahmedabad,Airport,Gandhinagar,1,normal
22.9896648,72.5151176,23.1053438,72.5780044,1.025028879476319,13,5,19973,2597,Ahmedabad,Airport,Gandhinagar,0,normal
22.9896648,72.5151176,23.1053438,72.5780044,1.053989678443827,13,5,22259,2519,Ahmedabad,Airport,Gandhinagar,0,normal
22.9896648,72.5151176,23.1053438,72.5780044,1.0813161875945536,13,5,19696,2644,Ahmedabad,Airport,Gandhinagar,0,normal
22.9896648,72.5151176,23.1053438,72.5780044,0.8154311649016641,18,5,19696,2644,Ahmedabad,Airport,Gandhinagar,1,normal
22.9896648,72.5151176,23.1053438,72.5780044,0.8787061994609164,18,5,19973,2597,Ahmedabad,Airport,Gandhinagar,1,normal
22.9896648,72.5151176,23.1053438,72.5780044,0.9102818578801112,18,5,22259,2519,Ahmedabad,Airport,Gandhinagar,1,normal
22.9896648,72.5151176,23.1053438,72.5780044,0.6849470499243571,22,5,19696,2644,Ahmedabad,Airport,Gandhinagar,0,normal
22.9896648,72.5151176,23.1053438,72.5780044,0.7520215633423181,22,5,19973,2597,Ahmedabad,Airport,Gandhinagar,0,normal
22.9896648,72.5151176,23.1053438,72.5780044,0.8007145692735212,22,5,22259,2519,Ahmedabad,Airport,Gandhinagar,0,normal
22.9896648,72.5151176,23.1053438,72.5780044,0.8940998487140696,8,5,19696,2644,Ahmedabad,Airport,Gandhinagar,1,normal
22.9896648,72.5151176,23.1053438,72.5780044,0.9217943628423978,8,5,22259,2519,Ahmedabad,Airport,Gandhinagar,1,normal
22.9896648,72.5151176,23.1053438,72.5780044,0.915286869464767,8,5,19973,2597,Ahmedabad,Airport,Gandhinagar,1,normal
23.0120294,72.51074899999999,23.0584914,72.5200285,1.0254237288135593,18,4,6003,590,Ahmedabad,Prahlad Nagar,SG Highway,1,normal
23.0120294,72.51074899999999,23.0584914,72.5200285,0.8839050131926122,18,4,6310,758,Ahmedabad,Prahlad Nagar,SG Highway,1,normal
23.0120294,72.51074899999999,23.0584914,72.5200285,0.7792494481236203,18,4,5974,906,Ahmedabad,Prahlad Nagar,SG Highway,1,normal
23.0120294,72.51074899999999,23.0584914,72.5200285,0.9389830508474576,9,5,6003,590,Ahmedabad,Prahlad Nagar,SG Highway,1,normal
23.0120294,72.51074899999999,23.0584914,72.5200285,1.0915254237288134,13,5,6003,590,Ahmedabad,Prahlad Nagar,SG Highway,0,normal
23.0120294,72.51074899999999,23.0584914,72.5200285,0.9423728813559322,18,5,6003,590,Ahmedabad,Prahlad Nagar,SG Highway,1,normal
23.0120294,72.51074899999999,23.0584914,72.5200285,0.8733509234828496,18,5,6310,758,Ahmedabad,Prahlad Nagar,SG Highway,1,normal
23.0120294,72.51074899999999,23.0584914,72.5200285,0.8271186440677966,22,5,6003,590,Ahmedabad,Prahlad Nagar,SG Highway,0,normal
23.0120294,72.51074899999999,23.0584914,72.5200285,0.737467018469657,22,5,6310,758,Ahmedabad,Prahlad Nagar,SG Highway,0,normal
23.0120294,72.51074899999999,23.0584914,72.5200285,0.9542372881355933,8,5,6003,590,Ahmedabad,Prahlad Nagar,SG Highway,1,normal
13.0557729,80.2821775,12.9986308,80.2708378,0.8302158273381295,18,4,9140,1390,Chennai,Marina Beach,Elliot's Beach,1,normal
13.0557729,80.2821775,12.9986308,80.2708378,0.7739575713240673,18,4,9144,1367,Chennai,Marina Beach,Elliot's Beach,1,normal
13.0557729,80.2821775,12.9986308,80.2708378,0.9676258992805755,9,5,9140,1390,Chennai,Marina Beach,Elliot's Beach,1,normal
13.0557729,80.2821775,12.9986308,80.2708378,1.3287769784172663,13,5,9140,1390,Chennai,Marina Beach,Elliot's Beach,0,normal
13.0557729,80.2821775,12.9986308,80.2708378,0.8971223021582734,18,5,9140,1390,Chennai,Marina Beach,Elliot's Beach,1,normal
13.0557729,80.2821775,12.9986308,80.2708378,0.814388489208633,22,5,9140,1390,Chennai,Marina Beach,Elliot's Beach,0,normal
13.0557729,80.2821775,12.9986308,80.2708378,0.9755395683453237,8,5,9140,1390,Chennai,Marina Beach,Elliot's Beach,1,normal
13.0417554,80.2340978,13.0849556,80.21014749999999,0.7301818181818182,18,4,8219,1375,Chennai,T Nagar,Anna Nagar,1,normal
13.0417554,80.2340978,13.0849556,80.21014749999999,0.667595818815331,18,4,8207,1435,Chennai,T Nagar,Anna Nagar,1,normal
13.0417554,80.2340978,13.0849556,80.21014749999999,0.6693598508390305,18,4,9551,1609,Chennai,T Nagar,Anna Nagar,1,normal
13.0417554,80.2340978,13.0849556,80.21014749999999,1.2341818181818183,9,5,8219,1375,Chennai,T Nagar,Anna Nagar,1,normal
13.0417554,80.2340978,13.0849556,80.21014749999999,1.2131758856432566,9,5,9551,1609,Chennai,T Nagar,Anna Nagar,1,normal
13.0417554,80.2340978,13.0849556,80.21014749999999,1.6574545454545455,13,5,8220,1375,Chennai,T Nagar,Anna Nagar,0,normal
13.0417554,80.2340978,13.0849556,80.21014749999999,1.5967078189300412,13,5,8322,1458,Chennai,T Nagar,Anna Nagar,0,normal
13.0417554,80.2340978,13.0849556,80.21014749999999,1.4386792452830188,13,5,9299,1696,Chennai,T Nagar,Anna Nagar,0,normal
13.0417554,80.2340978,13.0849556,80.21014749999999,0.8181818181818182,18,5,8219,1375,Chennai,T Nagar,Anna Nagar,1,normal
13.0417554,80.2340978,13.0849556,80.21014749999999,0.7650714729645742,18,5,9551,1609,Chennai,T Nagar,Anna Nagar,1,normal
13.0417554,80.2340978,13.0849556,80.21014749999999,0.6552727272727272,22,5,8219,1375,Chennai,T Nagar,Anna Nagar,0,normal
13.0417554,80.2340978,13.0849556,80.21014749999999,0.6146674953387197,22,5,9551,1609,Chennai,T Nagar,Anna Nagar,0,normal
13.0417554,80.2340978,13.0849556,80.21014749999999,1.3323636363636364,8,5,8219,1375,Chennai,T Nagar,Anna Nagar,1,normal
13.0417554,80.2340978,13.0849556,80.21014749999999,1.2877563704164077,8,5,9551,1609,Chennai,T Nagar,Anna Nagar,1,normal
13.0367989,80.26763389999999,13.0696839,80.243118,0.7319672131147541,18,4,6908,1220,Chennai,Mylapore,Chennai Central,1,normal
13.0367989,80.26763389999999,13.0696839,80.243118,0.678921568627451,18,4,7116,1224,Chennai,Mylapore,Chennai Central,1,normal
13.0367989,80.26763389999999,13.0696839,80.243118,0.6841750841750842,18,4,8739,1485,Chennai,Mylapore,Chennai Central,1,normal
13.0367989,80.26763389999999,13.0696839,80.243118,1.0647540983606558,9,5,6908,1220,Chennai,Mylapore,Chennai Central,1,normal
13.0367989,80.26763389999999,13.0696839,80.243118,1.0776143790849673,9,5,7116,1224,Chennai,Mylapore,Chennai Central,1,normal
13.0367989,80.26763389999999,13.0696839,80.243118,1.0787878787878789,9,5,8739,1485,Chennai,Mylapore,Chennai Central,1,normal
13.0367989,80.26763389999999,13.0696839,80.243118,1.227049180327869,13,5,6908,1220,Chennai,Mylapore,Chennai Central,0,normal
13.0367989,80.26763389999999,13.0696839,80.243118,1.1968954248366013,13,5,7116,1224,Chennai,Mylapore,Chennai Central,0,normal
13.0367989,80.26763389999999,13.0696839,80.243118,1.227049180327869,13,5,6908,1220,Chennai,Mylapore,Chennai Central,0,normal
13.0367989,80.26763389999999,13.0696839,80.243118,0.7868852459016393,18,5,6908,1220,Chennai,Mylapore,Chennai Central,1,normal
13.0367989,80.26763389999999,13.0696839,80.243118,0.7671568627450981,18,5,7116,1224,Chennai,Mylapore,Chennai Central,1,normal
13.0367989,80.26763389999999,13.0696839,80.243118,0.7535353535353535,18,5,8739,1485,Chennai,Mylapore,Chennai Central,1,normal
13.0367989,80.26763389999999,13.0696839,80.243118,0.6860655737704918,22,5,6908,1220,Chennai,Mylapore,Chennai Central,0,normal
13.0367989,80.26763389999999,13.0696839,80.243118,0.6584967320261438,22,5,7116,1224,Chennai,Mylapore,Chennai Central,0,normal
13.0367989,80.26763389999999,13.0696839,80.243118,0.6860655737704918,22,5,6908,1220,Chennai,Mylapore,Chennai Central,0,normal
13.0367989,80.26763389999999,13.0696839,80.243118,1.1213114754098361,8,5,6908,1220,Chennai,Mylapore,Chennai Central,1,normal
13.0367989,80.26763389999999,13.0696839,80.243118,1.1413398692810457,8,5,7116,1224,Chennai,Mylapore,Chennai Central,1,normal
13.0367989,80.26763389999999,13.0696839,80.243118,1.1265993265993266,8,5,8739,1485,Chennai,Mylapore,Chennai Central,1,normal
13.0066919,80.22063399999999,12.9754604,80.2207071,0.6893203883495146,18,4,3803,515,Chennai,Guindy,Velachery,1,normal
13.0066919,80.22063399999999,12.9754604,80.2207071,1.1864077669902913,9,5,3803,515,Chennai,Guindy,Velachery,1,normal
13.0066919,80.22063399999999,12.9754604,80.2207071,1.5669902912621358,13,5,3803,515,Chennai,Guindy,Velachery,0,normal
13.0066919,80.22063399999999,12.9754604,80.2207071,0.8135922330097087,18,5,3803,515,Chennai,Guindy,Velachery,1,normal
13.0066919,80.22063399999999,12.9754604,80.2207071,0.6699029126213593,22,5,3803,515,Chennai,Guindy,Velachery,0,normal
13.0066919,80.22063399999999,12.9754604,80.2207071,1.137864077669903,8,5,3803,515,Chennai,Guindy,Velachery,1,normal
12.9931385,80.18379569999999,12.9234287,80.2510746,0.703380174705659,18,4,19693,2633,Chennai,Chennai Airport,ECR Road,1,normal
12.9931385,80.18379569999999,12.9234287,80.2510746,0.6746031746031746,18,4,21275,3024,Chennai,Chennai Airport,ECR Road,1,normal
12.9931385,80.18379569999999,12.9234287,80.2510746,0.7696061345416522,18,4,23684,2869,Chennai,Chennai Airport,ECR Road,1,normal
12.9931385,80.18379569999999,12.9234287,80.2510746,1.0216483099126472,9,5,19693,2633,Chennai,Chennai Airport,ECR Road,1,normal
12.9931385,80.18379569999999,12.9234287,80.2510746,1.0,9,5,21275,3024,Chennai,Chennai Airport,ECR Road,1,normal
12.9931385,80.18379569999999,12.9234287,80.2510746,1.0209132101777623,9,5,23684,2869,Chennai,Chennai Airport,ECR Road,1,normal
12.9931385,80.18379569999999,12.9234287,80.2510746,1.3942271173566274,13,5,19693,2633,Chennai,Chennai Airport,ECR Road,0,normal
12.9931385,80.18379569999999,12.9234287,80.2510746,1.2899965144649703,13,5,23684,2869,Chennai,Chennai Airport,ECR Road,0,normal
12.9931385,80.18379569999999,12.9234287,80.2510746,1.3230820105820107,13,5,21275,3024,Chennai,Chennai Airport,ECR Road,0,normal
12.9931385,80.18379569999999,12.9234287,80.2510746,0.740220281048234,18,5,19693,2633,Chennai,Chennai Airport,ECR Road,1,normal
12.9931385,80.18379569999999,12.9234287,80.2510746,0.7556216931216931,18,5,21275,3024,Chennai,Chennai Airport,ECR Road,1,normal
12.9931385,80.18379569999999,12.9234287,80.2510746,0.6031143182681352,22,5,19693,2633,Chennai,Chennai Airport,ECR Road,0,normal
12.9931385,80.18379569999999,12.9234287,80.2510746,0.6488095238095238,22,5,21275,3024,Chennai,Chennai Airport,ECR Road,0,normal
12.9931385,80.18379569999999,12.9234287,80.2510746,1.0603873908089632,8,5,19693,2633,Chennai,Chennai Airport,ECR Road,1,normal
12.9931385,80.18379569999999,12.9234287,80.2510746,1.0139421401185083,8,5,23684,2869,Chennai,Chennai Airport,ECR Road,1,normal
12.9931385,80.18379569999999,12.9234287,80.2510746,1.0343915343915344,8,5,21275,3024,Chennai,Chennai Airport,ECR Road,1,normal
12.989399,80.2485822,12.9917215,80.2161228,0.7461224489795918,18,4,8286,1225,Chennai,Tidel Park,Phoenix Mall,1,normal
12.989399,80.2485822,12.9917215,80.2161228,0.7405622489959839,18,4,8286,1245,Chennai,Tidel Park,Phoenix Mall,1,normal
12.989399,80.2485822,12.9917215,80.2161228,1.1412244897959183,9,5,8286,1225,Chennai,Tidel Park,Phoenix Mall,1,normal
12.989399,80.2485822,12.9917215,80.2161228,1.3461224489795918,13,5,8286,1225,Chennai,Tidel Park,Phoenix Mall,0,normal
12.989399,80.2485822,12.9917215,80.2161228,0.8359183673469388,18,5,8286,1225,Chennai,Tidel Park,Phoenix Mall,1,normal
12.989399,80.2485822,12.9917215,80.2161228,0.7322448979591837,22,5,8286,1225,Chennai,Tidel Park,Phoenix Mall,0,normal
12.989399,80.2485822,12.9917215,80.2161228,1.106938775510204,8,5,8286,1225,Chennai,Tidel Park,Phoenix Mall,1,normal
13.0011842,80.2564637,13.0731365,80.2609207,0.6843891402714932,18,4,12036,1768,Chennai,Adyar,Egmore,1,normal
13.0011842,80.2564637,13.0731365,80.2609207,0.6887725421756835,18,4,11721,1719,Chennai,Adyar,Egmore,1,normal
13.0011842,80.2564637,13.0731856,80.2608417,0.6730016769144773,18,4,10977,1789,Chennai,Adyar,Egmore,1,normal
13.0011842,80.2564637,13.0731365,80.2609207,1.0141402714932126,9,5,12036,1768,Chennai,Adyar,Egmore,1,normal
13.0011842,80.2564637,13.0731365,80.2609207,1.0721349621873182,9,5,11721,1719,Chennai,Adyar,Egmore,1,normal
13.0011842,80.2564637,13.0731856,80.2608417,1.1136101499423299,9,5,11739,1734,Chennai,Adyar,Egmore,1,normal
13.0011842,80.2564637,13.0731365,80.2609207,1.3653846153846154,13,5,12036,1768,Chennai,Adyar,Egmore,0,normal
13.0011842,80.2564637,13.0731856,80.2608417,1.3217993079584776,13,5,11739,1734,Chennai,Adyar,Egmore,0,normal
13.0011842,80.2564637,13.0731856,80.2608417,1.3756288429290107,13,5,10977,1789,Chennai,Adyar,Egmore,0,normal
13.0011842,80.2564637,13.0731365,80.2609207,0.7845022624434389,18,5,12036,1768,Chennai,Adyar,Egmore,1,normal
13.0011842,80.2564637,13.0731856,80.2608417,0.7596422582448296,18,5,10977,1789,Chennai,Adyar,Egmore,1,normal
13.0011842,80.2564637,13.0731856,80.2608417,0.76239907727797,18,5,11739,1734,Chennai,Adyar,Egmore,1,normal
13.0011842,80.2564637,13.0731365,80.2609207,0.6515415939499709,22,5,11721,1719,Chennai,Adyar,Egmore,0,normal
13.0011842,80.2564637,13.0731365,80.2609207,0.6815610859728507,22,5,12036,1768,Chennai,Adyar,Egmore,0,normal
13.0011842,80.2564637,13.0731856,80.2608417,0.640581330352152,22,5,10977,1789,Chennai,Adyar,Egmore,0,normal
13.0011842,80.2564637,13.0731365,80.2609207,1.0514705882352942,8,5,12036,1768,Chennai,Adyar,Egmore,1,normal
13.0011842,80.2564637,13.0731365,80.2609207,1.0913321698662013,8,5,11721,1719,Chennai,Adyar,Egmore,1,normal
13.0011842,80.2564637,13.0731856,80.2608417,1.1384083044982698,8,5,11739,1734,Chennai,Adyar,Egmore,1,normal
12.8497822,80.23065849999999,12.9249416,80.0999977,0.780502043199066,18,4,34265,3426,Chennai,OMR Road,Tambaram,1,normal
12.8497822,80.23065849999999,12.9249416,80.0999977,0.7734775184974388,18,4,22594,3514,Chennai,OMR Road,Tambaram,1,normal
12.8497822,80.23065849999999,12.9249416,80.0999977,0.8284482758620689,18,4,23435,3480,Chennai,OMR Road,Tambaram,1,normal
12.8497822,80.23065849999999,12.9249416,80.0999977,1.0035026269702276,9,5,34265,3426,Chennai,OMR Road,Tambaram,1,normal
12.8497822,80.23065849999999,12.9249416,80.0999977,0.9706886738759248,9,5,22594,3514,Chennai,OMR Road,Tambaram,1,normal
12.8497822,80.23065849999999,12.9249416,80.0999977,1.0120689655172415,9,5,23435,3480,Chennai,OMR Road,Tambaram,1,normal
12.8497822,80.23065849999999,12.9249416,80.0999977,1.2197898423817863,13,5,34265,3426,Chennai,OMR Road,Tambaram,0,normal
12.8497822,80.23065849999999,12.9249416,80.0999977,1.224245873648264,13,5,22594,3514,Chennai,OMR Road,Tambaram,0,normal
12.8497822,80.23065849999999,12.9249416,80.0999977,1.2985632183908047,13,5,23435,3480,Chennai,OMR Road,Tambaram,0,normal
12.8497822,80.23065849999999,12.9249416,80.0999977,0.8330459770114943,18,5,23435,3480,Chennai,OMR Road,Tambaram,1,normal
12.8497822,80.23065849999999,12.9249416,80.0999977,0.8642732049036778,18,5,34265,3426,Chennai,OMR Road,Tambaram,1,normal
12.8497822,80.23065849999999,12.9249416,80.0999977,0.8440523619806488,18,5,22594,3514,Chennai,OMR Road,Tambaram,1,normal
12.8497822,80.23065849999999,12.9249416,80.0999977,0.7183908045977011,22,5,23435,3480,Chennai,OMR Road,Tambaram,0,normal
12.8497822,80.23065849999999,12.9249416,80.0999977,0.7918855808523059,22,5,34265,3426,Chennai,OMR Road,Tambaram,0,normal
12.8497822,80.23065849999999,12.9249416,80.0999977,0.7803073420603301,22,5,22594,3514,Chennai,OMR Road,Tambaram,0,normal
12.8497822,80.23065849999999,12.9249416,80.0999977,0.9760956175298805,8,5,22594,3514,Chennai,OMR Road,Tambaram,1,normal
12.8497822,80.23065849999999,12.9249416,80.0999977,1.0382370110916521,8,5,34265,3426,Chennai,OMR Road,Tambaram,1,normal
12.8497822,80.23065849999999,12.9249416,80.0999977,1.0100574712643677,8,5,23435,3480,Chennai,OMR Road,Tambaram,1,normal
